Facility,Name,Address,POINT_X,POINT_Y
Basketball,West Lions Park Basketball Court #1 - Full,20 Granville St,478397.4194,4759371.437
Basketball,West Lions Park Basketball Court #2 - Half,20 Granville St,478407.7135,4759382.983
Basketball,Carling Park Basketball Court #2 - Full,675 Grosvenor St,480797.2277,4761351.135
Basketball,Carling Park Basketball Court #1 - Full,675 Grosvenor St,480791.4695,4761367.421
Basketball,Doidge Park Basketball Court #1 - Full,300 Cromwell St,479422.6306,4760986.988
Basketball,Southeast Optimist Park Basketball Court #1 - Full,237 Deveron Cres,484074.2226,4755960.511
Basketball,St. Stephen's Park Basketball Court #1 - Half,1030 Mitchell St,481777.4668,4753673.485
Basketball,Westminster Optimist Park Basketball Court #1 - Full,650 Osgoode Dr,483116.0329,4754421.736
Basketball,Huron Heights Park Basketball Court #1 - Full,185 McNay St,481821.5678,4762198.038
Basketball,Culver Park Basketball Court #1 - Full,1735 Culver Dr,485117.3092,4761905.234
Basketball,River East Optimist Park Basketball Court #1 - Full,55 Danielle Cres,486305.7509,4758067.921
Basketball,Flanders Park Basketball Court #1 - Half,145 Rhine Ave,482683.2632,4761853.123
Basketball,Boyle Park Basketball Court #1 - Full,1010 Princess Ave,482179.2192,4760546.766
Basketball,Boyle Park Basketball Court #2 - Half,1010 Princess Ave,482199.8298,4760548.041
Basketball,Chesham Heights Park Basketball Court #1 - Full,328 Castlegrove Blvd,476500.7543,4760321.248
Basketball,Earl Nichols Park and Arena Basketball Court #1 - Half,799 Homeview Rd,479385.9413,4754759.272
Basketball,Belvedere Place Park Basketball Court #1 - Full,457 Belvedere Pl,472358.9119,4755476.632
Basketball,Piccadilly Park Basketball Court #1 - Half,695 Waterloo St,479777.9991,4760217.573
Basketball,Naiomi Almeida Park Basketball Court #1 - Half,828 Deveron Cres,484148.682,4757193.361
Basketball,Huronview Park Basketball Court #1 - Half,1345 Bentley Dr,483145.9148,4763640.525
Basketball,Huntington Park Basketball Court #1 - Full,63 Meadowridge Rd,474780.9971,4759055.366
Basketball,Grampian Woods Basketball Court #1 - Half,265 Bournemouth Dr,487983.6767,4759850.956
Basketball,Cresthaven Park Basketball Court #1 - Half,104 Parks Edge Cres,474763.4483,4755038.723
Basketball,Ambleside Park Basketball Court #1 - Half,257 Ambleside Dr,476078.0237,4762830.988
Basketball,Carroll Park Basketball Court #1 - Full,270 Ellerslie Rd,485487.6183,4756283.688
Basketball,Heritage Park Basketball Court #1 - Half,150 Bexhill Dr,483683.8376,4754380.436
Basketball,St. Julien Park Basketball Court #1 - Full,15 Tommy Hunter Way,483831.4329,4758113.06
Basketball,Carling Heights Optimist Community Centre Basketball Court #1 - Full,656 Elizabeth St,481297.0368,4760661.951
Basketball,Highland Woods Basketball Court #1 - Half,324 Highview Ave E,479228.3667,4755259.775
Basketball,Richard B. Harrison Park Basketball Court #1 - Half,205 South St,480233.2825,4757969.218
Basketball,CNRA Park Basketball Court #1 - Full,325 Egerton St,482315.8386,4759131.203
Basketball,Heron Haven Park Basketball Court #1 - Half,204 Skyline Ave,477143.6461,4765334.602
Basketball,Ed Blake Park Basketball Court #1 - Full,449 Barker St,481051.9687,4762705.334
Basketball,Sugarcreek Park Basketball Court #1 - Full,460 Sugarcreek Trail,477014.9361,4758951.69
Basketball,Kensington Park Basketball Court #1 - Full,16 Fernley Ave,478296.1202,4760068.357
Basketball,Foxfield District Park Basketball Court #1 - Full,2384 Buroak Dr,473481.975,4763881.19
Basketball,Blackacres Park Basketball Court #1,595 Blackacres Park,473490.6924,4761878.989
Basketball,White Oaks Park Basketball Court #1 - Full,1394 Ernest Ave,481008.8618,4753310.377
Basketball,Capulet Park Basketball Court #1 - Full,40 Capulet Lane,475667.5645,4759290.206
Basketball,Beaverbrook Woods Basketball Court #1 - Half,780 Mapelridge St,475215.4086,4759540.998
Basketball,Riverbend Park Basketball Court #1,1585 Riverbend Rd,470279.2602,4757778.452
Basketball,Constitution Park Basketball Court #1 - Full,725 Grenfell Dr,479822.3003,4765188.976
Basketball,White Oaks Park Basketball Court #2 - Full,1394 Ernest Ave,480988.8531,4753314.216
Basketball,Powell Park Basketball Court #1 - Full,800 Superior Dr,477976.0207,4766204.97
Basketball,Meredith Park Basketball Court #1 - Full,450 Nelson St,480978.6269,4758224.526
Basketball,Forest Hill Park Basketball Court #1 - Half,1955 Rollingacres Dr,479383.0083,4766613.11
Basketball,Glen Cairn Park - East Basketball Court #1 - Full,170 Helena Ave,482382.0163,4757084.854
Baseball,Labatt Park Baseball Stadium - Hardball,25 Wilson Ave,478926.8321,4759025.846
Baseball,West Lions Park Baseball Diamond #1 - Fastball,20 Grandville St,478348.9148,4759327.551
Baseball,McMahen Park Baseball Diamond #1 - Peewee,640 Adelaide St N,480984.3119,4760507.27
Baseball,Kiwanis Park -North Baseball Diamond #2 - Peewee,612 Hale St,484205.2424,4760313.959
Baseball,Kiwanis Park -North Baseball Diamond #1 - Hardball,612 Hale St,484255.1798,4760443.059
Baseball,East Lions Park Baseball Diamond #1 - Fastball,1731 Churchill Ave,485011.046,4760483.314
Baseball,East Lions Park Baseball Diamond #2 - T-Ball,1731 Churchill Ave,485075.2121,4760508.849
Baseball,Oakridge Optimist Community Park Baseball Diamond #2 - Mosquito,825 Valetta St,474998.563,4758287.323
Baseball,Oakridge Optimist Community Park Baseball Diamond #1 - Mosquito,825 Valetta St,474948.4685,4758263.15
Baseball,Kensington Park Baseball Diamond #1 - Fastball,16 Fernley Ave,478258.1978,4760073.383
Baseball,Mornington Park Baseball Diamond #1 - Fastball,800 High Holborn St,482291.7493,4761305.967
Baseball,Mornington Park Baseball Diamond #2 - Fastball,800 High Holborn St,482306.2713,4761221.157
Baseball,Jorgenson Park Baseball Diamond #1 - Fastball,1308 Norman Ave,472734.7038,4755806.875
Baseball,Southcrest Park Baseball Diamond #1 - Mosquito,10 Hazelwood Ave,477352.3076,4756604.527
Baseball,Stronach Stadium - Fastball,1221 Sandford St,483400.1904,4763041.272
Baseball,Stronach Park Baseball Diamond #1 - Fastball,1221 Sandford St,483300.3004,4762961.656
Baseball,Stronach Park Baseball Diamond #2 - Fastball,1221 Sandford St,483425.8639,4762944.004
Baseball,Norm Aldridge Field Baseball Diamond #4 - Hardball,1221 Sandford St,483274.0865,4762806.072
Baseball,Stronach Park Baseball Diamond #3 - Hardball,1221 Sandford St,483451.1539,4762828.996
Baseball,Southeast Optimist Park Baseball Diamond #1 - Mosquito,237 Deveron Cres,484008.2507,4755989.963
Baseball,Southeast Optimist Park Baseball Diamond #2 - Mosquito,237 Deveron Cres,484065.8779,4756064.849
Baseball,Westmount Lions Park Baseball Diamond #1 - Peewee,784 Viscount Rd,477177.9808,4755354.369
Baseball,Huron Heights Park Baseball Diamond #1 - Mosquito,185 McNay St,481839.9119,4762287.64
Baseball,Dan Fulham Memorial Baseball Diamond #3 - Hardball,815 Windermere Rd,480117.3167,4763522.351
Baseball,Stoneybrook Recreation Field Baseball Diamond #1 - Hardball,815 Windermere Rd,480015.0236,4763370.295
Baseball,Stoneybrook Recreation Field Baseball Diamond #2,815 Windermere Rd,480007.2361,4763488.025
Baseball,Westmount Park Baseball Diamond #1 - Peewee,196 McMaster Dr,476056.8328,4754520.686
Baseball,CNRA Park Baseball Diamond #2 - Rookie,325 Egerton St,482268.5087,4759082.46
Baseball,CNRA Park Baseball Diamond #1 - Peewee,325 Egerton St,482374.1779,4759143.378
Baseball,Mildred Barons Park Baseball Diamond #1 - Squirt,444 Kathleen Ave,484954.0543,4761308.555
Baseball,White Oaks Park Baseball Diamond #1 - Regulation,1119 Jalna Blvd,481263.8159,4753248.899
Baseball,White Oaks Park Baseball Diamond #2 - Regulation,1394 Ernest Ave,480933.1131,4753325.181
Baseball,Bonaventure Meadows Park Baseball Diamond #2 - Peewee,150 Vaubois Pl,487177.7476,4761369.691
Baseball,Bonaventure Meadows Park Baseball Diamond #1 - Peewee,150 Vaubois Pl,487211.9312,4761306.037
Baseball,Thistledown Park Baseball Diamond #2 - Mosquito,996 Thistledown Way,474896.8872,4760384.427
Baseball,Thistledown Park Baseball Diamond #1 - Peewee,996 Thistledown Way,474940.8832,4760467.39
Baseball,Hazelden Park Baseball Diamond #1 - Mosquito,430 Hyde Park Rd,474163.4865,4757204.045
Baseball,Ashley Oaks Park Baseball Diamond #1 - Squirt,65 Elvira Cres,480277.5237,4753976.592
Baseball,White Oaks Optimist Park Baseball Diamond #1 - Peewee,72 Ponderosa Cres,481036.343,4753752.215
Baseball,North London Athletic Fields Baseball Diamond #2 - Slow Pitch,1225 Adelaide St N,479766.5508,4762943.864
Baseball,North London Athletic Fields Baseball Diamond #3 - Peewee,1225 Adelaide St N,479720.5955,4762893.723
Baseball,North London Athletic Fields Baseball Diamond #1 - Slow Pitch,1225 Adelaide St N,479782.9042,4762898.889
Baseball,Jesse Davidson Park Baseball Diamomd #2 - T-Ball,731 Viscount Rd,477285.2274,4754829.784
Baseball,Jesse Davidson Park Baseball Diamomd #1 - T-Ball,731 Viscount Rd,477275.9347,4754884.819
Baseball,Jesse Davidson Park Baseball Diamomd #3 - Mosquito,731 Viscount Rd,477325.3486,4754673.889
Baseball,Southwest Optimist Park Baseball Diamond #2 - Peewee,682 Southdale Rd W,475666.1932,4754145.733
Baseball,Southwest Optimist Park Baseball Diamond #1 - Peewee,682 Southdale Rd W,475684.951,4754025.622
Baseball,Whisperwood Park Baseball Diamond #1 - Peewee,211 Whisperwood Ave,473645.8682,4754949.393
Baseball,Glanworth Park Baseball Diamond #1 - Slow Pitch,6536 Bradish Rd,483967.0392,4745871.147
Baseball,Glanworth Park Baseball Diamond #2 - Slow Pitch,6536 Bradish Rd,484083.2101,4745874.819
Baseball,Emily Carr Public School Baseball Diamond #1 - Slow Pitch,44 Hawthorne Rd,474532.2147,4761990.941
Baseball,Norwest Optimist Park Baseball Diamond #1 - Peewee,48 Hawthorne Rd,474313.0817,4761909.88
Baseball,Jaycee Park Baseball Diamond #1 - Hardball,1830 Aldersbrook Rd,474092.3464,4762420.121
Baseball,Nelson Park Baseball Diamond #1 - Hardball,142 Kipling Ave,486921.6859,4760579.368
Baseball,Ralph Hamlyn Park Baseball Diamond #1 - Hardball,83 Dennis Ave,476673.2045,4750666.044
Baseball,Heritage Park Baseball Diamond #1 - Mosquito,150 Bexhill Dr,483730.2524,4754518.021
Baseball,City Wide Sports Park Baseball Diamond #1 - Hardball,1510 Commissioners Rd E,485598.1659,4756934.134
Baseball,City Wide Sports Park Baseball Diamond #2 - Hardball,1510 Commissioners Rd E,485535.5359,4756999.146
Baseball,St. Julien Park Baseball Diamond #1 - Mosquito,15 Tommy Hunter Way,484017.1284,4758029.651
Baseball,Lambeth Optimist Park Baseball Diamond #1 - Slow Pitch,4200 Campbell St N,475948.5869,4751336.025
Baseball,Lambeth Optimist Park Baseball Diamond #2 - Slow Pitch,4200 Campbell St N,476020.5011,4751405.868
Baseball,Forest City Slow Pitch Baseball Diamond #1 - Slow pitch,54 Price St,483093.9014,4757897.523
Baseball,Forest City Slow Pitch Baseball Diamond #4 - Slow pitch,54 Price St,482980.2013,4758069.009
Baseball,Forest City Slow Pitch Baseball Diamond #3 - Slow pitch,54 Price St,482969.9884,4758020.171
Baseball,Forest City Slow Pitch Baseball Diamond #2 - Slow pitch,54 Price St,483051.7851,4757948.732
Baseball,Virginia Park Baseball Diamond #1 - Peewee,225 Chambers Ave,478132.885,4764986.277
Baseball,3M Canada Baseball Diamond #1,1840 Oxford St E,484999.2188,4762925.86
Baseball,Accuride Canada Baseball Diamond #1,31 Firestone Blvd,486113.9688,4758729.648
Baseball,Ecole Marie-Curie Baseball Diamond #2,40 Hunt Club Dr,473263.4909,4757981.237
Baseball,Sir Arthur Carty Separate School Baseball Diamond #2,1655 Ernest Ave,480411.0465,4753955.218
Baseball,Arthur Ford Public School Baseball Diamond #1,617 Viscount Rd,478001.9984,4755606.193
Baseball,Arthur Stringer Public School Baseball Diamond #1,43 Shaftesbury Ave,483003.5125,4755103.276
Baseball,Banting Secondary School Baseball Diamond #1,125 Sherwood Forest Sq,475009.4657,4760990.519
Baseball,Brick Street Public School Baseball Diamond #1,393 Commissioners Rd W,476993.7325,4756144.464
Baseball,Byron Northview Public School Baseball Diamond #1,1370 Commissioners Rd W,472403.3278,4756417.995
Baseball,St. Thomas Aquinas Secondary School Baseball Diamond #1,1360 Oxford St W,472627.429,4757568.778
Baseball,Sir Georges Etienne Cartier Public School Baseball Diamond #2,695 Chiddington Ave,480862.4242,4755826.571
Baseball,Chippewa Public School Baseball Diamond #2,1035 Chippewa Dr,483948.257,4763913.516
Baseball,Sir Winston Churchill Public School Baseball Diamond #2,1837 Churchill Ave,485348.4531,4760737.368
Baseball,Clara Brenton Public School Baseball Diamond #1,1025 St Croix Ave,474178.2972,4758721.418
Baseball,Cleardale Public School Baseball Diamond #2,780 Dulaney Dr,480455.8198,4754740.304
Baseball,Ecole Frere Andre (FFL) Separate School Baseball Diamond #1,400 Base Line Rd W,477347.4923,4756766.831
Baseball,Fairmont Public School Baseball Diamond #1,1040 Hamilton Rd,484767.3879,4758456.427
Baseball,Glen Cairn Public School Baseball Diamond #2,53 Frontenac Rd,483413.3137,4755996.205
Baseball,Evelyn Harrison Public School Baseball Diamond #1,50 Tewksbury Cres,483976.2144,4763491.548
Baseball,Hillcrest Public School Baseball Diamond #1,1231 Fuller St,481749.5556,4763242.235
Baseball,Holy Family Separate School Baseball Diamond #1,329 Hudson Dr,487278.9161,4759827.159
Baseball,Holy Rosary Separate School Baseball Diamond #1,268 Herkimer St,481224.4649,4757151.686
Baseball,Huron Heights French Immersion Public School Baseball Diamond #1,1245 Michael St,483092.8803,4763076.723
Baseball,Jeanne Sauve French Immersion Public School Baseball Diamond #1,127 Sherwood Forest Sq,475011.3309,4761169.937
Baseball,Sir John A. MacDonald Public School Baseball Diamond #1,1150 Landor St,482282.4619,4762148.478
Baseball,John Dearness Public School Baseball Diamond #2,555 Sanatorium Rd,473141.4161,4757075.329
Baseball,John P. Robarts Public School Baseball Diamond #1,84 Bow St,487093.1763,4759628.131
Baseball,F.D. Roosevelt Public School Baseball Diamond #2,560 Second St,484468.134,4762036.166
Baseball,Kensal Park French Immersion Public School Baseball Diamond #1,328 Springbank Dr,477398.9244,4757426.107
Baseball,Lord Elgin Public School Baseball Diamond #1,1100 Victoria Dr,481644.1339,4762419.655
Baseball,Lord Nelson Public School Baseball Diamond #2,1990 Royal Cres,486429.926,4760773.445
Baseball,Masonville Public School Baseball Diamond #1,25 Hillview Blvd,476711.0723,4763604.191
Baseball,Mountsfield Public School Baseball Diamond #2,8 Mountsfield Dr,480109.0514,4756383.019
Baseball,Nicholas Wilson Public School Baseball Diamond #1,927 Osgoode Dr,482268.4464,4753989.152
Baseball,Northbrae Public School Baseball Diamond #1,335 Belfield St,480286.5265,4762681
Baseball,Northdale Public School Baseball Diamond #1,655 Tennent Ave,479648.5945,4764287.113
Baseball,Northridge Public School Baseball Diamond #1,25 Mclean Dr,480817.0272,4764881.002
Baseball,Notre Dame Separate School Baseball Diamond #1,767 Valetta St,475441.5531,4758247.55
Baseball,Orchard Park Public School Baseball Diamond #2,50 Wychwood Pk,476123.534,4760995.413
Baseball,Ecole Ste Jeanne d Arc (FFL) Separate School Baseball Diamond #1,35 Fallons Lane,483357.0861,4763682.615
Baseball,Prince Charles Public School Baseball Diamond #1,1601 Wavell St,484752.7646,4760192.521
Baseball,Princess Elizabeth Public School Baseball Diamond #1,247 Thompson Rd,481933.0135,4757155.873
Baseball,Riverside Public School Baseball Diamond #1,550 Pinetree Dr,475193.2594,4758047.795
Baseball,Ryerson Public School Baseball Diamond #1,940 Waterloo St,479625.4244,4761311.147
Baseball,St. Anne Separate School Baseball Diamond #1,1366 Huron St,482583.5436,4763311.205
Baseball,St. Anthony Separate School Baseball Diamond #1,1380 Ernest Ave,480894.0318,4753200.785
Baseball,St. Paul Separate School Baseball Diamond #1,1090 Guildwood Blvd,473996.3798,4758478.349
Baseball,St. Thomas More Separate School Baseball Diamond #1,18 Wychwood Pk,476465.5072,4760716.888
Baseball,Sir Isaac Brock Public School Baseball Diamond #1,80 St Lawrence Blvd,478611.168,4754702.652
Baseball,Stoneybrook Public School Baseball Diamond #1,1460 Stoneybrook Cres,478663.1485,4763891.965
Baseball,Huron Heights French Immersion Public School Baseball Diamond #3,1245 Michael St,483149.2778,4763145.933
Baseball,Tweedsmuir Public School Baseball Diamond #1,349 Tweedsmuir Ave,485342.8185,4758810.032
Baseball,Westdale Public School Baseball Diamond #1,1050 Plantation Rd,474507.1232,4757787.623
Baseball,Woodland Heights Public School Baseball Diamond #2,474 Springbank Dr,476699.3874,4756853.76
Baseball,A.E. Duffield Public School Baseball Diamond #1,6820 Duffield St,475767.4499,4751263.126
Baseball,A.E. Duffield Public School Baseball Diamond #2,6820 Duffield St,475777.8076,4751326.299
Baseball,Aberdeen Public School Baseball Diamond #1,580 Grey St,481210.8461,4758847.208
Baseball,Academie de la Tamise Baseball Diamond #1,1260 Dundas St,483268.4074,4760668.015
Baseball,Arthur Ford Public School Baseball Diamond #2,617 Viscount Rd,478042.949,4755502.098
Baseball,Bishop Townshend Public School Baseball Diamond #1,814 Quebec St,481824.9865,4761188.117
Baseball,Bishop Townshend Public School Baseball Diamond #2,814 Quebec St,481840.1581,4761140.443
Baseball,Blessed Kateri Separate School Baseball Diamond #1,220 Sunnyside Dr,478501.0005,4763551.664
Baseball,Brick Street Public School Baseball Diamond #2,393 Commissioners Rd W,476982.2617,4756207.383
Baseball,Byron Northview Public School Baseball Diamond #2,1370 Commissioners Rd W,472464.1182,4756425.793
Baseball,Byron Southwood Public School Baseball Diamond #1,1379 Lola St,472845.6245,4755419.266
Baseball,Byron Southwood Public School Baseball Diamond #2,1379 Lola St,472829.8264,4755485.725
Baseball,Byron Southwood Public School Baseball Diamond #3,1379 Lola St,472901.6179,4755493.533
Baseball,Byron Southwood Public School Baseball Diamond #4,1379 Lola St,472918.3681,4755422.908
Baseball,C.C. Carrothers Public School Baseball Diamond #1,360 Chippendale Cres,482892.1538,4756625.51
Baseball,Chippewa Public School Baseball Diamond #1,1035 Chippewa Dr,484079.7668,4763916.082
Baseball,Cleardale Public School Baseball Diamond #1,780 Dulaney Dr,480397.9122,4754703.824
Baseball,Ealing Public School Baseball Diamond #1,840 Hamilton Rd,483658.9936,4758582.834
Baseball,Ealing Public School Baseball Diamond #2,840 Hamilton Rd,483642.365,4758628.634
Baseball,Ecole Marie-Curie Baseball Diamond #1,40 Hunt Club Dr,473214.4317,4757959.902
Baseball,Evelyn Harrison Public School Baseball Diamond #2,50 Tewksbury Cres,484086.7843,4763484.013
Baseball,Evelyn Harrison Public School Baseball Diamond #3,50 Tewksbury Cres,484117.7116,4763472.008
Baseball,F.D. Roosevelt Public School Baseball Diamond #1,560 Second St,484381.757,4762003.835
Baseball,Fanshawe College Baseball Diamond #1,1460 Oxford St E,483513.578,4762564.314
Baseball,Glen Cairn Public School Baseball Diamond #1,53 Frontenac Rd,483356.0495,4755972.384
Baseball,Hillcrest Public School Baseball Diamond #2,1231 Fuller St,481827.0665,4763264.784
Baseball,Huron Heights French Immersion Public School Baseball Diamond #2,1245 Michael St,483069.2581,4763120.975
Baseball,Jeanne Sauve French Immersion Public School Baseball Diamond #2,127 Sherwood Forest Sq,474940.4042,4761153.514
Baseball,John Dearness Public School Baseball Diamond #1,555 Sanatorium Rd,473091.1973,4757110.502
Baseball,John Paul II Secondary School Baseball Diamond #1,1300 Oxford St E,482950.9679,4761876.051
Baseball,Knollwood Public School Baseball Diamond #1,70 Gammage St,481184.1005,4761769.36
Baseball,Knollwood Public School Baseball Diamond #2,70 Gammage St,481251.7209,4761802.074
Baseball,Lord Nelson Public School Baseball Diamond #1,1990 Royal Cres,486323.3642,4760794.607
Baseball,Lord Roberts Public School Baseball Diamond #1,440 Princess Ave,480389.7103,4759926.983
Baseball,Lucas Secondary School Baseball Diamond #1,656 Tennent Ave,479678.681,4764193.763
Baseball,M.B. McEachren Public School Baseball Diamond #1,4402 Colonel Talbot Rd,475714.2417,4750462.477
Baseball,M.B. McEachren Public School Baseball Diamond #2,4402 Colonel Talbot Rd,475770.0539,4750480.598
Baseball,Masonville Public School Baseball Diamond #2,25 Hillview Blvd,476686.346,4763645.055
Baseball,Montcalm Secondary School Baseball Diamond #1,1350 Highbury Ave N,482424.2989,4763690.998
Baseball,Mountsfield Public School Baseball Diamond #1,8 Mountsfield Dr,480036.5568,4756338.16
Baseball,Northridge Public School Baseball Diamond #2,25 Mclean Dr,480900.78,4764759.796
Baseball,Orchard Park Public School Baseball Diamond #1,50 Wychwood Pk,476174.3281,4760919.112
Baseball,Eagle Heights Public School Baseball Diamond #1,284 Oxford St W,477595.5756,4759418.36
Baseball,Prince Charles Public School Baseball Diamond #2,1601 Wavell St,484637.0625,4759966.512
Baseball,Princess Anne French Immersion Public School Baseball Diamond #1,191 Dawn Dr,485143.6117,4759925.865
Baseball,Princess Elizabeth Public School Baseball Diamond #2,247 Thompson Rd,482055.3182,4757151.983
Baseball,Robarts School for the Deaf Baseball Diamond #1,1090 Highbury Ave N,482821.3409,4762299.677
Baseball,Robarts School for the Deaf Baseball Diamond #2,1090 Highbury Ave N,483030.1746,4762423.908
Baseball,Sir Arthur Carty Separate School Baseball Diamond #1,1655 Ernest Ave,480426.1255,4753854.273
Baseball,Sir Georges Etienne Cartier Public School Baseball Diamond #1,695 Chiddington Ave,480792.6606,4755777.948
Baseball,Sir Isaac Brock Public School Baseball Diamond #2,80 St Lawrence Blvd,478677.0756,4754726.011
Baseball,Sir John A. MacDonald Public School Baseball Diamond #2,1150 Landor St,482351.3451,4762149.563
Baseball,Sir Winston Churchill Public School Baseball Diamond #1,1837 Churchill Ave,485385.7123,4760672.634
Baseball,St. Bernadette Separate School Baseball Diamond #1,155 Tweedsmuir Ave,485046.2315,4758762.7
Baseball,St. Bernadette Separate School Baseball Diamond #2,155 Tweedsmuir Ave,485110.5237,4758761.049
Baseball,St. Georges Public School Baseball Diamond #1,782 Waterloo St,479876.7234,4760650.029
Baseball,St. Jude Separate School Baseball Diamond #1,690 Viscount Rd,478053.3613,4755099.444
Baseball,St. Jude Separate School Baseball Diamond #4,690 Viscount Rd,478080.007,4755055.683
Baseball,St. Jude Separate School Baseball Diamond #3,690 Viscount Rd,478180.1487,4755089.37
Baseball,St. Jude Separate School Baseball Diamond #2,690 Viscount Rd,478133.602,4755154.015
Baseball,St. Marguerite d'Youville Separate School Baseball Diamond #1,170 Hawthorne Rd,473862.2769,4761691.307
Baseball,St. Mark Separate School Baseball Diamond #1,1440 Glenora Dr,480800.6865,4764686.271
Baseball,St. Pius X Separate School Baseball Diamond #1,255 Vancouver St,484933.921,4760007.268
Baseball,St. Robert Separate School Baseball Diamond #1,1958 Duluth Cres,486357.9853,4760274.006
Baseball,St. Sebastian Separate School Baseball Diamond #1,225 Cairn St,483253.5183,4756906.881
Baseball,Trafalgar Public School Baseball Diamond #2,919 Trafalgar St,482658.8429,4758477.522
Baseball,Trafalgar Public School Baseball Diamond #1,919 Trafalgar St,482614.4312,4758513.525
Baseball,Tweedsmuir Public School Baseball Diamond #2,349 Tweedsmuir Ave,485440.6596,4758778.71
Baseball,University Heights Public School Baseball Diamond #1,27 Ford Cres,477350.6961,4760671.172
Baseball,University Heights Public School Baseball Diamond #2,27 Ford Cres,477409.8751,4760691.558
Baseball,W. Sherwood Fox Public School Baseball Diamond #1,660 Steeplechase Dr,476755.7536,4755316.888
Baseball,Westminster Central Public School Baseball Diamond #1,2835 Westminster Dr,483696.7544,4749834.012
Baseball,Westminster Central Public School Baseball Diamond #2,2835 Westminster Dr,483821.2542,4749868.583
Baseball,Wilton Grove Public School Baseball Diamond #2,626 Osgoode Dr,483205.2294,4754239.496
Baseball,Woodland Heights Public School Baseball Diamond #1,474 Springbank Dr,476553.2267,4756876.012
Baseball,Wortley Road Public School Baseball Diamond #1,301 Wortley Rd,479540.3374,4757063.336
Baseball,Forest City Slow Pitch Baseball Diamond #5 - T-Ball,54 Price St,483061.6975,4758077.319
Baseball,Emily Carr Public School Baseball Diamond #2 - Slow Pitch,44 Hawthorne Rd,474629.2322,4761957.457
Baseball,Rick Hansen Public School Baseball Diamond #1,70 Ponderosa Cres,481046.6492,4753790.328
Baseball,Southwest Optimist Sports Complex Baseball Diamond #1,146 Exeter Rd,478102.0809,4752490.739
Baseball,Southwest Optimist Sports Complex Baseball Diamond #2,146 Exeter Rd,478164.4792,4752498.348
Baseball,Southwest Optimist Sports Complex Baseball Diamond #3,146 Exeter Rd,478231.4432,4752366.703
Baseball,Southwest Optimist Sports Complex Baseball Diamond #4,146 Exeter Rd,478283.9491,4752388.771
Baseball,Southwest Optimist Sports Complex Baseball Diamond #5,146 Exeter Rd,478301.4511,4752335.504
Baseball,Southwest Optimist Sports Complex Baseball Diamond #6,146 Exeter Rd,478347.1084,4752479.324
Baseball,Southwest Optimist Sports Complex Baseball Diamond #7,146 Exeter Rd,478433.8573,4752420.731
Baseball,Southwest Optimist Sports Complex Baseball Diamond #8,146 Exeter Rd,478444.5106,4752368.225
Baseball,Southwest Optimist Sports Complex Baseball Diamond #9,146 Exeter Rd,478495.4946,4752380.4
Baseball,Southwest Optimist Sports Complex Baseball Diamond #10,146 Exeter Rd,478482.5584,4752436.711
Baseball,Southwest Optimist Sports Complex Baseball Diamond #11,146 Exeter Rd,478528.9766,4752529.547
Baseball,Southwest Optimist Sports Complex Baseball Diamond #12,146 Exeter Rd,478602.7893,4752479.324
Baseball,Southwest Optimist Sports Complex Baseball Diamond #13,146 Exeter Rd,478617.2474,4752424.535
Baseball,Southwest Optimist Sports Complex Baseball Diamond #15,146 Exeter Rd,478649.2075,4752500.631
Baseball,Southwest Optimist Sports Complex Baseball Diamond #14,146 Exeter Rd,478663.6657,4752442.798
Baseball,Byron Optimist Sports Park Baseball Diamond #3,651 Boler Rd,472981.7455,4754280.831
Baseball,Byron Optimist Sports Park Baseball Diamond #2,651 Boler Rd,473086.9751,4754289.834
Baseball,Byron Optimist Sports Park Baseball Diamond #1,651 Boler Rd,473183.2011,4754302.777
Baseball,Mornington Park Baseball Diamond #3 - Fastball,800 High Holborn St,482394.4448,4761272.863
Baseball,Paul Haggis Park Baseball Diamond #1 - Mosquito,2895 Bateman Trail,479261.629,4753478.783
Baseball,Riverbend Park  Baseball Diamond #1 - Peewee,1585 Riverbend Rd,470226.4544,4757734.544
Baseball,South Branch Park Baseball Diamond #1 - Peewee,2 Homan St,482315.7504,4758187.703
Baseball,Kensal Park Baseball Diamonf #1,150 Chelsea Ave,477109.8936,4757943.596
Baseball,Admiral Park Baseball Diamond #1,284 Admiral Dr,486761.0645,4760701.667
Baseball,Doidge Park Baseball Diamond #1,300 Cromwell St,479354.1189,4761057.201
Baseball,Rowntree Park Baseball Diamond #1,750 Whetter Ave,481380.6816,4757123.164
Arena,Stronach Arena,1221 Sanford St,483250.7574,4763096.799
Arena,Ray Lanctin / Medway Arena,119 Sherwood Forest Sq,475250.1133,4761143.233
Arena,Carling Arena,675 Grosvenor St,480899.2919,4761398.987
Arena,Glen Cairn Arena,370 Chippendale Cres,482821.2127,4756641.853
Arena,Ice Park Arena,99 Brookside St,481497.4449,4757528.747
Arena,Lambeth Arena,7112 Beattie St,475119.2532,4750889.404
Arena,Oakridge Arena,825 Valetta St,475081.46,4758224.05
Arena,Silverwood Arena,50 Sycamore St,483218.72,4759021.69
Arena,Western Fair Sports Centre,875 Florence St,482230.3916,4759546.365
Arena,Thompson Arena,Western Rd & Philip Aziz Ave,477532.8605,4761190.235
Arena,Argyle Arena,1948 Wavell St,486156.6009,4760814.221
Arena,Budweiser Gardens,99 Dundas St,479413.1497,4758900.242
Arena,Earl Nichols Arena,799 Homeview Rd,479345.6916,4754670.346
Arena,Farquharson Arena,411 Tecumseh Ave E,480242.0227,4757439.013
Arena,Kinsmen Arena,20 Granville St,478323.9966,4759431.453
Community Center,Carling Heights Optimist Community Centre,656 Elizabeth Street,481349.1,4760658.6
Community Center,Kiwanis Seniors' Community Centre,78 Riverside Dr,478695.8466,4758908.526
Community Center,Lambeth Community Centre,7112 Beattie St,475083.2419,4750908.61
Community Center,South London Community Centre,1119 Jalna Blvd,481342.8827,4753267.999
Community Center,Stoneycreek Community Centre,920 Sunningdale Rd E,479021.8173,4766213.188
Community Center,North London Optimist Community Centre,1345 Cheapside St,482817.4943,4762370.84
Community Center,Stronach Community Recreation Centre,1221 Sandford St,483260.6393,4763070.397
Community Center,Medway Community Centre,119 Sherwood Forest Sq,475242.0294,4761160.74
Community Center,Boyle Memorial Community Centre,530 Charlotte St,482185.3936,4760496.844
Community Center,Kinsmen Recreation Centre,20 Granville St,478352.0717,4759470.704
Community Center,Hamilton Road Seniors' Centre & Community Centre,525 Hamilton Rd,482455.4131,4758641.371
Community Center,Byron Optimist Community Centre,1306 Norman Ave,472703.904,4756001.033
Community Center,East Lions Artisans Centre,1731 Churchill Ave,485161.7198,4760518.932
Community Center,Earl Nichols Recreation Centre,799 Homeview Rd,479350.0587,4754646.263
Community Center,Canada Games Aquatic Centre Community Centre,1045 Wonderland Rd N,475307.2739,4761024.937
Community Center,Civic Garden Complex,625 Springbank Dr,475786.4027,4756674.575
Community Center,Springbank Gardens Community Centre,285 Wonderland Rd S,475921.0874,4757068.894
Community Garden,Meredith Park Community Garden,450 Nelson St,480944.8105,4758283.209
Community Garden,Thames Park Community Garden,15 Ridout St,479381.3716,4758077.282
Community Garden,University Heights Park Community Garden,290 Trott Dr,477149.035,4760118.672
Community Garden,Nicholas Wilson Park Community Garden,16 Fitzroy Pl,482417.8944,4754159.218
Community Garden,Carling Heights Optimist Community Centre Community Garden,656 Elizabeth St,481217.8475,4760607.857
Community Garden,Ann Street Park Community Garden,65 Ann St,478888.9463,4759926.125
Community Garden,Blackfriars Park - North Community Garden,2 St Patrick St,478768.7518,4759853.872
Community Garden,Berkshire Park Community Garden,510 Berkshire Dr,476748.8502,4756570.407
Community Garden,River Forks Park Community Garden,17 Becher St,478869.3511,4758706.901
Community Garden,Proudfoot Park - West Community Garden,693 Proudfoot Lane,476229.3271,4759614.859
Community Garden,Dillabough Community Garden,2 Homan St,482334.8554,4758287.762
Community Garden,Reservoir Community Garden,552 Crestwood Dr,474782.4523,4755407.965
Community Garden,Meadowlily Community Garden,1510 Commissioners Rd E,485246.6647,4757042.338
Community Garden,Glen Cairn Community Garden,410 Scenic Dr,482909.1176,4757283.205
Community Garden,Ed Blake Community Garden,449 Barker St,480861.6992,4762798.63
Cricket,North London Athletic Fields Cricket Pitch #1,1225 Adelaide St N,"479606.9557	4762581.943",
Football,City Wide Sports Park Football Field #1,1510 Commissioners Rd E,485367.8642,4756929.674
Football,City Wide Sports Park Football Field #2,1510 Commissioners Rd E,485458.8392,4756944.314
Football,University of Western Ontario Football Field #1,100 Philip Aziz Ave,477683.4555,4760835.216
Football,University of Western Ontario Football Field #2,Huron Dr (pvt),477817.901,4761313.526
Football,University of Western Ontario Football Field #3,Huron Dr (pvt),477866.6412,4761455.275
Off Leash Dog Park,Pottersburg - FIDO Off-Leash Dog Park,1139 Hamilton Rd,485237.5854,4757905.039
Off Leash Dog Park,Stoney Creek - Off-Leash Dog Park,1343 Adelaide St N,479546.1745,4763544.222
Off Leash Dog Park,Greenway - Off-Leash Dog Park #1,50 Greenside Ave,476706.2082,4757940.598
Off Leash Dog Park,Campbell Memorial - Off-Leash Dog Park,380 Dundas St,480342.4535,4759386.886
Off Leash Dog Park,Caesar's Park - Off-Leash Dog Park,945 Commissioners Rd E,482704.6075,4756263.198
Off Leash Dog Park,Greenway - Off-Leash Dog Park #2,50 Greenside Ave,476600.388,4757916.95
Out Door Ice Rink,Victoria Park Out Door Ice Rink,580 Clarence St,479689.5206,4759623.911
Out Door Ice Rink,Covent Market Plaza Out Door Ice Rink,128 King St,479525.0084,4758884.43
Out Door Ice Rink,Storeybook Gardens Out Door Skating Path,1958 Storeybook Lane,474212.735,4756158.453
Out Door Ice Rink,River East Optimist Park Out Door Ice Rink,55 Danielle Cres,486299.5071,4758065.038
Pickleball,Foxfield District Park Pickleball Court #1,2384 Buroak Dr,473494.9702,4763895.16
Pickleball,Foxfield District Park Pickleball Court #2,2384 Buroak Dr,473500.7435,4763879.917
Pickleball,Mornington Park Pickleball Court #1,800 High Holborn St,482410.8165,4761201.022
Pickleball,Mornington Park Pickleball Court #2,800 High Holborn St,482416.1082,4761184.089
Pickleball,Boyle Park Pickleball Court #1,1010 Princess Ave,482208.6892,4760573.924
Pickleball,Boyle Park Pickleball Court #2,1010 Princess Ave,482224.5019,4760579.679
Play Structure,Gibbons Park Play Structure #1,2A Grosvenor St,478631.725,4760729.146
Play Structure,Gibbons Park Play Structure #2,2A Grosvenor St,478682.2732,4760737.909
Play Structure,West Lions Park Play Structure #1,20 Granville St,478443.042,4759352.171
Play Structure,Silverwoods Park Play Structure #1,50 Sycamore St,483190.5735,4758988.257
Play Structure,Carling Park Play Structure #1,675 Grosvenor St,480840.3331,4761334.701
Play Structure,McMahen Park Play Structure #1,640 Adelaide St N,480874.3333,4760455.412
Play Structure,Rowntree Park Play Structure #1,750 Whetter Ave,481342.9064,4757076.112
Play Structure,East Lions Park Play Structure #1,1731 Churchill Ave,485146.4517,4760479.755
Play Structure,Smith Park Play Structure #1,194 Brampton Rd,480898.775,4761879.414
Play Structure,Meredith Park Play Structure #1,450 Nelson St,481075.3375,4758243.656
Play Structure,Doidge Park Play Structure #1,300 Cromwell St,479390.4448,4760971.569
Play Structure,Murray Park Play Structure #1,75 Cliftonvale Ave,478248.0981,4757230.348
Play Structure,Glen Cairn Park - North Play Structure #1,150 Helena Ave,482318.9701,4757133.038
Play Structure,Mornington Park Play Structure #1,800 High Holborn St,482329.2971,4761344.909
Play Structure,Jorgenson Park Play Structure #1,1308 Norman Ave,472685.417,4756067.497
Play Structure,Duchess Avenue Park Play Structure #1,26 Duchess Ave,478766.8201,4757425.297
Play Structure,Southcrest Park Play Structure #1,10 Hazelwood Ave,477336.9801,4756646.796
Play Structure,University Heights Park Play Structure #1,290 Trott Dr,477137.931,4760169.116
Play Structure,Stronach Park Play Structure #1,1221 Sanford St,483235.3204,4762962.99
Play Structure,Arthur Ford Park Play Structure #1,671 Viscount Rd,477955.0047,4755444.739
Play Structure,Southeast Optimist Park Play Structure #1,237 Deveron Cres,484115.7258,4755930.875
Play Structure,Wilton Grove Park Play Structure #1,41 Greenfield Dr,482003.5561,4752777.023
Play Structure,Ebury Park Play Structure #1,112 Ebury Cres,482625.5923,4755044.064
Play Structure,Berkshire Park Play Structure #1,510 Berkshire Dr,476626.7205,4756396.985
Play Structure,Oak Park Play Structure #1,1207 Royal York Rd,473433.5708,4758237.182
Play Structure,Village Green Park Play Structure #1,429 Village Green Ave,476804.5435,4755542.267
Play Structure,Wellingsboro Park Play Structure #1,955 Willow Dr,481996.1426,4754074.603
Play Structure,Thornwood Park Play Structure #1,699 Thornwood Dr,475943.0685,4758648.964
Play Structure,Kensal Park Play Structure #1,150 Chelsea Ave,477203.7239,4757847.414
Play Structure,Genevive Park Play Structure #1,70 Genevive Cres,482437.8596,4762461.755
Play Structure,Belvedere Park Play Structure #1,65 Victor St,478955.5348,4758132.08
Play Structure,Greenway Park Play Structure #1,50 Greenside Ave,476477.244,4757836.191
Play Structure,Broughdale Park Play Structure #1,246 Epworth Ave,478820.6538,4762109.228
Play Structure,St. Lawrence Park Play Structure #1,5 St. Lawrence Blvd,478410.5088,4754874.409
Play Structure,Glass Avenue Park Play Structure #1,12 Glass Ave,484347.0458,4759580.872
Play Structure,Westminster Optimist Park Play Structure #1,650 Osgoode Dr,483064.0715,4754476.861
Play Structure,Westmount Lions Park Play Structure #1,784 Viscount Rd,477191.4528,4755402.217
Play Structure,Mitches Park Play Structure #1,640 Upper Queen St,480501.7656,4755212.479
Play Structure,Grand View Park Play Structure #1,385 Grandview Ave,471905.1333,4756147.801
Play Structure,Griffith Street Park Play Structure #1,561 Griffith St,472417.961,4755004.523
Play Structure,Constitution Park Play Structure #1,725 Grenfell Dr,479849.8078,4765254.671
Play Structure,Huron Heights Park Play Structure #1,185 McNay St,481858.174,4762121.442
Play Structure,CNRA Park Play Structure #1,325 Egerton St,482326.4133,4759088.77
Play Structure,White Oaks Park Play Structure #3,1119 Jalna Blvd,481347.4019,4753175.448
Play Structure,White Oaks Park Play Structure #2,1119 Jalna Blvd,481326.0623,4753179.903
Play Structure,Culver Park Play Structure #1,1735 Culver Dr,485099.0376,4761934.487
Play Structure,Somerset Woods Play Structure #1,25 Fourwinds Rd,473697.287,4754514.542
Play Structure,Gainsborough Meadows Play Structure #1,102 Brandy Lane Rd,474344.9076,4760739.565
Play Structure,Gainsborough Meadows Play Structure #2,102 Brandy Lane Rd,474545.6069,4760609.512
Play Structure,River East Optimist Park Play Structure #1,55 Danielle Cres,486293.9714,4758102.816
Play Structure,Hazelden Park Play Structure #1,430 Hyde Park Rd,474191.6809,4757129.389
Play Structure,Flanders Park Play Structure #1,145 Rhine Ave,482685.7448,4761927.86
Play Structure,Ed Blake Park Play Structure #1,449 Barker St,480869.8744,4762885.132
Play Structure,Ashley Oaks Park Play Structure #1,65 Elvira Cres,480330.1589,4753978.369
Play Structure,White Oaks Optimist Park Play Structure #1,560 Bradley Ave,480985.6081,4753714.182
Play Structure,Chesham Heights Park Play Structure #1,328 Castlegrove Blvd,476606.2272,4760289.343
Play Structure,Earl Nichols Park and Arena Play Structure #1,799 Homeview Rd,479374.812,4754723.693
Play Structure,Lynngate Grove Park Play Structure #1,69 Lynngate Grove,475656.8011,4755153.413
Play Structure,Richard B. Harrison Park Play Structure #1,205 South St,480254.2726,4757961.271
Play Structure,Piccadilly Park Play Structure #1,695 Waterloo St,479680.2547,4760198.5
Play Structure,Dunkirk Place Park Play Structure #1,15 Dunkirk Pl,479428.9922,4756809.373
Play Structure,Naiomi Almeida Park Play Structure #1,828 Deveron Cres,484157.8503,4757175.553
Play Structure,Rosecliffe Park Play Structure #1,35 Quinella Dr,475814.9609,4756425.432
Play Structure,Jesse Davidson Park Play Structure #1,731 Viscount Rd,477264.9688,4754782.764
Play Structure,Whisperwood Park Play Structure #1,211 Whisperwood Ave,473607.8583,4755039.754
Play Structure,Huronview Park Play Structure #1,1345 Bentley Dr,483125.8635,4763674.065
Play Structure,Huntington Park Play Structure #1,63 Meadowridge Rd,474917.3466,4759024.53
Play Structure,Carriage Hill Park Play Structure #1,139 Pinebrook Pl,477754.2072,4763220.541
Play Structure,Grampian Woods Play Structure #1,265 Bournemouth Dr,487962.2391,4759843.322
Play Structure,Oakland Avenue Park Play Structure #1,235 Oakland Ave,483325.0501,4759914.205
Play Structure,Southwinds Park Play Structure #1,3982 West Graham Pl,473906.9444,4751729.103
Play Structure,Cresthaven Park Play Structure #1,104 Parks Edge Cres,474833.9046,4754927.968
Play Structure,Cheswick Park Play Structure #1,88 Lacey Cres,480471.3462,4752967.605
Play Structure,Norwest Optimist Park Play Structure #1,48 Hawthorne Rd,474396.2317,4761841.18
Play Structure,Norwest Optimist Park Play Structure #2,48 Hawthorne Rd,474416.5802,4761835.384
Play Structure,Jaycee Park Play Structure #2,1830 Aldersbrook Rd,474178.755,4762319.935
Play Structure,Jaycee Park Play Structure #1,1830 Aldersbrook Rd,474035.0573,4762475.28
Play Structure,Empress Avenue Park Play Structure #1,161 Empress Ave,478135.5649,4759679.775
Play Structure,Past Presidents Park Play Structure #1,280 Millbank Dr,482984.9047,4755477.155
Play Structure,River Forks Park Play Structure #1,17 Becher St,478830.4785,4758680.387
Play Structure,Nelson Park Play Structure #1,142 Kipling Ave,486926.4008,4760637.846
Play Structure,Ralph Hamlyn Park Play Structure #1,83 Dennis Ave,476562.543,4750639.254
Play Structure,Ambleside Park Play Structure #1,257 Ambleside Dr,476181.2619,4762800.864
Play Structure,Cayuga Park Play Structure #1,64 Cayuga Cres,484164.9643,4764306.292
Play Structure,Nicholas Wilson Park Play Structure #1,16 Fitzroy Pl,482393.2479,4754124.732
Play Structure,Carroll Park Play Structure #1,270 Ellerslie Rd,485447.1467,4756564.336
Play Structure,Heritage Park Play Structure #1,150 Bexhill Dr,483727.2091,4754414.751
Play Structure,Thames Park Play Structure #1,15 Ridout St S,479417.9524,4758146.783
Play Structure,St. Julien Park Play Structure #1,15 Tommy Hunter Way,483767.6857,4758098.643
Play Structure,St. Julien Park Play Structure #2,15 Tommy Hunter Way,483795.3915,4758093.605
Play Structure,Ivey Park Play Structure #1,331 Thames St,479110.7365,4758805.647
Play Structure,Ivey Park Play Structure #2,331 Thames St,479104.8307,4758791.954
Play Structure,Lambeth Centennial Park Play Structure #1,7112 Beattie St,475159.8232,4750805.768
Play Structure,Helen Mott Shaw Park Play Structure #1,71 Grasmere Cres,476770.6716,4762924.668
Play Structure,Carling Heights Optimist Community Centre Play Structure #1,656 Elizabeth St,481258.3973,4760651.434
Play Structure,Highland Woods Play Structure #1,324 Highview Ave E,479213.5116,4755265.61
Play Structure,Blackfriars Park Play Structure #1,2 Cummings Ave,478892.2716,4759542.824
Play Structure,Vauxhall Park Play Structure #1,54 Price St,483083.2239,4758029.345
Play Structure,Virginia Park Play Structure #1,225 Chambers Ave,478296.2837,4764890.257
Play Structure,Summercrest Park Play Structure #1,30 Alomar Dr,472560.6674,4753956.24
Play Structure,Glanworth Park Play Structure #1,6536 Bradish Rd,484059.8965,4745844.275
Play Structure,Basil Grover Park Play Structure #1,555 Wharncliffe Rd S,478711.7103,4755849.026
Play Structure,Meander Creek Park Play Structure #1,905 Blackmaple Crt,481076.206,4763868.578
Play Structure,Virginia Park Play Structure #2,225 Chambers Ave,477981.3164,4765003.484
Play Structure,Thamesridge Park Play Structure #1,1605 Shore Rd,471223.2466,4757519.798
Play Structure,Oakridge Optimist Community Park Play Structure #1,825 Valetta St,474980.9925,4758159.499
Play Structure,Cheltenham Park Play Structure # 1,43 Cheltenham Rd,473246.2526,4759012.482
Play Structure,Cantebury Park Play Stucture #1,99 Prince Of Wales Gate,472986.8046,4760125.517
Play Structure,Dalkeith Park Play Structure #1,806 Dalkeith Ave,480404.61,4764921.922
Play Structure,Basil Grover Park Play Structure #2,555 Wharncliffe Rd S,478702.1343,4755878.718
Play Structure,Plane Tree Park Play Structure #1,214 Plane Tree Dr,476130.8698,4764080.433
Play Structure,Plane Tree Park Play Structure #2,214 Plane Tree Dr,476133.5931,4764095.164
Play Structure,Northbrook Park Play Structure #1,2135 Blackwater Rd,478487.8569,4765585.82
Play Structure,Scenic View Park Play Structure #1,80 Chalet Cres,471800.1293,4755212.296
Play Structure,Heron Haven Park Play Structure #1,204 Skyline Ave,477129.6552,4765282.454
Play Structure,Lambeth Centennial Park Play Structure #2,7112 Beattie St,475134.4726,4750802.163
Play Structure,Wenige Park Play Structure #1,1251 South Wenige Dr,480042.4837,4765969.885
Play Structure,Capulet Park Play Structure #1,40 Capulet Lane,475686.0453,4759257.303
Play Structure,Stephens Farm Park Play Structure #1,887 South wenige Dr,479416.0149,4766053.151
Play Structure,Piccadilly Park Play Structure #1,695 Waterloo St,479699.9566,4760210.643
Play Structure, Paul Haggis Park Play Structure #1,2875 Bateman Trail,479172.3958,4753533.71
Play Structure,Ed Blake Park Play Structure #2,449 Barker St,480867.9274,4762927.41
Play Structure,Byron Hill Park Play structure #1,955 Byronmanor Rd,473913.4705,4753854.873
Play Structure,Kensal Park Structure #1,150 Chelsea Ave,476818.507,4757832.312
Play Structure,Oakridge Optimist Community Park Play Structure #2,825 Valetta St,474977.2747,4758177.883
Play Structure,Piccadilly Park Play Structure #3,695 Waterloo St,479690.7129,4760204.761
Play Structure,Medway Park Play Structure #1,1051 Wonderland Rd N,475280.1457,4761161.8
Play Structure,Medway Park Play structure #2,1051 Wonderland Rd N,475297.8229,4761157.381
Play Structure,Riverbend Park Play Structure #1,1585 Riverbend Rd,470329.7822,4757878.93
Play Structure,Riverbend Park Play Structure #2,1585 Riverbend Rd,470303.5883,4757889.646
Play Structure,Stoney Creek Community Centre Play Structure #1,920 Sunningdale Rd E,478947.9333,4766283.94
Play Structure,Sugarcreek Park Play Structure #1,460 Sugarcreek Trail,477083.9812,4758901.531
Play Structure,Coronation Park North Play Structure #1,1965 Coronation Dr,473321.8954,4761419.777
Play Structure,Raleigh Parkette Play Structure #1,6760 Raleigh Blvd,474658.3844,4753540.665
Play Structure,Forest Hill Park Play Structure #1,1955 Rollingacres Dr,479425.0691,4766687.427
Play Structure,Cedar Hollow Park Play Structure #1,564 Killarney Rd,482283.3296,4765420.658
Play Structure,Maple Grove Park Play Structure #1,1260 Coronation Dr,473719.8009,4760390.612
Play Structure,Talbot Park Play Structure #1,3470 Settlement Trail,474996.3493,4753425.151
Play Structure,Lambeth Optimist Park Play Structure #1,4200 Campbell St N,476102.4225,4751419.889
Play Structure,Meadowgate Park Play Structure #1,3155 Meadowgate Blvd,485978.0978,4755824.957
Play Structure,Meadowgate Park Play Structure #2,3155 Meadowgate Blvd,485996.1666,4755814.569
Play Structure,Creekside Park Play Structure #1,1480 Privet Pl,481504.6914,4766346.079
Play Structure,Whetherfield Park Play Structure #1,1115 Whetherfield St,474802.5246,4759201.141
Play Structure,Pebble Creek Park Play Structure #1,125 Pebblecreek Walk,476091.8878,4765376.37
Play Structure,Westbury Park Play Structure #1,3350 Singleton Ave,478190.784,4753779.503
Play Structure,Trooper Mark Wilson Park Play Structure #1,2070 Wallingford Ave,474459.8874,4764037.047
Play Structure,Frederick Park Play Structure #1,1940 Frederick Cres,487297.319,4757875.518
Play Structure,Foxfield District Park Play Structure #1,2384 Buroak Dr,473496.6481,4763757.091
Play Structure,Foxfield District Park Play Structure #2,2384 Buroak Dr,473511.3186,4763742.158
Play Structure,Westminster Optimist Park Play Structure #2,650 Osgoode Dr,483047.7233,4754474.008
Play Structure,Glen Cairn Park - East Play Structure #1,220 Arlington Cres,482666.8979,4756959.074
Play Structure,Powell Park Play Structure #1,800 Superior Dr,478000.7221,4766207.114
Play Structure,Springbank Park Play Structure #1,1085 Commissioners Rd W,473375.0334,4756376.134
Play Structure,Kiwanis Park - North Play Structure #1,612 Hale St,484300.8372,4760273.202
Play Structure,Winblest Park Play Structure #1,640 Winblest Ave,481249.7522,4754726.757
Play Structure,Forest View Park Play Structure #1,323 Hudson Dr,487168.5913,4759850.397
Play Structure,Boyle Community Centre / Park Play Structure #2,530 Charlotte St,482209.4884,4760436.134
Play Structure,Boyle Community Centre / Park Play Structure #1,530 Charlotte St,482243.1575,4760523.699
Play Structure,Beaverbrook Woods Play Structure #1,780 Mapleridge St,475187.0672,4759588.402
Play Structure,Winblest Park Play Structure #2,640 Winblest Ave,481247.6977,4754733.33
Play Structure,Chelsea Green Park Play Structure #1,1 Adelaide St S,481487.8672,4758016.593
Play Structure,Vista Woods Park Play Structure #1,1075 Melsetter Way,474004.025,4763109.359
Pool,Gibbons Park Community Pool,2B Grosvenor St,478575.7392,4760731.005
Pool,Silverwoods Park Community Pool,36 Sycamore St,483124.3794,4758998.273
Pool,East Lions Park Community Pool,1731 Churchill Ave,485179.9949,4760534.763
Pool,Oakridge Optimist Community Park Community Pool,825 Valetta St,475019.4239,4758216.94
Pool,Byron Community Pool,1330 Brock Lane,472728.7303,4755859.349
Pool,Southcrest Park Community Pool,10 Hazelwood Ave,477340.8345,4756690.385
Pool,Stronach Park Community Pool,1221 Sandford Ave,483287.0998,4763024.774
Pool,Westminster Optimist Park Community Pool,650 Osgoode Dr,483035.5702,4754438.783
Pool,Northeast Recreation Centre Community Pool,1050 Victoria Dr,481612.4586,4762323.649
Pool,Northridge Community Pool,15 Mclean Dr,480816.8925,4764912.189
Pool,Thames Park Community Pool,25 Ridout St S,479360.1341,4758194.538
Pool,Canada Games Aquatic Centre Community Pool - Indoor,1045 Wonderland Rd N,475321.0629,4761034.372
Pool,Glen Cairn Arena Community Pool,370 Chippendale Cres,482832.9653,4756700.139
Pool,Carling Heights Optimist Community Centre Community Pool - Indoor,656 Elizabeth St,481318.2512,4760629.047
Pool,South London Community Pool - Indoor,565 Bradley Ave,481067.8799,4753454.192
Skateboard Park,Victoria Park Skateboard Park #1,580 Clarence St,479700.2611,4759628.42
Skateboard Park,West Lions Park Skateboard Park #1,20 Granville St,478290.1842,4759345.745
Skateboard Park,White Oaks Optimist Park Skateboard Park #1,560 Bradley Ave,481012.587,4753592.79
Skateboard Park,Carling Heights Optimist Community Centre Skateboard Park #1,656 Elizabeth St,481147.1151,4760571.726
Skateboard Park,Basil Grove Skateboard Park #1,555 Wharncliffe Rd S,478736.2762,4755955.33
Skateboard Park,Naiomi Almeida Skateboard Park #1,828 Deveron Cres,484170.7407,4757224.633
Skateboard Park,Kiwanis Park - Central North Skateboard Park #1,1475 Brydges St,484443.2898,4759960.482
Skateboard Park,Stronach Park Skateboard Park #1,1221 Sanford St,483196.2074,4763151.53
Skateboard Park,Medway Park Skateboard Park #1,1051 Wonderland Rd N,475307.352,4761197.154
Skateboard Park,Stoney Creek Community Centre Skateboard Park #1,920 Sunningdale Rd E,479057.6511,4766183.452
Skateboard Park,Springbank Park Skateboard Park #1,1205 Commissioners Rd W,473181.526,4756323.102
Skateboard Park,Constitution Park Skateboard Park #1,725 Grenfell Dr,479807.2968,4765175.969
Skateboard Park,St. Julien Park Skateboard Park  #1,15 Tommy Hunter Way,483618.8462,4757958.58
Soccer,Banting Secondary School Soccer Field #1,125 Sherwood Forest Sq,475221.3878,4760967.702
Soccer,Banting Secondary School Soccer Field #2,125 Sherwood Forest Sq,474935.3282,4761025.322
Soccer,Banting Secondary School Soccer Field #3,125 Sherwood Forest Sq,474909.7491,4760916.786
Soccer,Brick Street Public School Soccer Field #1,393 Commissioners Rd W,476986.5737,4756029.43
Soccer,Byron Southwood Public School Soccer Field #2,1379 Lola St,472756.5152,4755497.027
Soccer,Sir Winston Churchill Public School Soccer Field #1,1837 Churchill Ave,485339.4579,4760687.8
Soccer,Clara Brenton Public School Soccer Field #2,1025 St Croix Ave,474205.7014,4758641.651
Soccer,Clarke Road Secondary School Soccer Field #2,300 Clarke Rd,486214.193,4760946.317
Soccer,A.E. Duffield Public School Soccer Field #1,6820 Duffield St,475631.752,4751244.078
Soccer,Emily Carr Public School Soccer Field #1,44 Hawthorne Rd,474478.7566,4761953.303
Soccer,Fairmont Public School Soccer Field #1,1040 Hamilton Rd,484808.605,4758405.884
Soccer,Kensal Park French Immersion Public School Soccer Field #1,328 Springbank Dr,477264.1846,4757405.045
Soccer,Kensal Park French Immersion Public School Soccer Field #2,328 Springbank Dr,477246.5199,4757429.993
Soccer,Knollwood Public School Soccer Field #1,70 Gammage St,481225.36,4761767.298
Soccer,Laurier Secondary School Soccer Field #1,450 Millbank Dr,483197.4636,4755079.16
Soccer,Lucas Secondary School Soccer Field #2,656 Tennent Ave,479777.9273,4764296.147
Soccer,Lucas Secondary School Soccer Field #1,656 Tennent Ave,479927.5372,4764361.201
Soccer,Sir John A. MacDonald Public School Soccer Field #1,1150 Landor St,482302.1875,4762182.895
Soccer,M.B. McEachren Public School Soccer Field #1,4402 Colonel Talbot Rd,475686.2168,4750615.422
Soccer,Mountsfield Public School Soccer Field #1,8 Mountsfield Dr,480040.41,4756388.508
Soccer,Montcalm Secondary School Soccer Field #1,1350 Highbury Ave N,482525.4488,4763578.331
Soccer,Northridge Public School Soccer Field #1,25 Mclean Dr,480920.0961,4764807.239
Soccer,Oakridge Secondary School Soccer Field #1,1040 Oxford St W,474272.7509,4758130.37
Soccer,Oakridge Secondary School Soccer Field #2,1040 Oxford St W,474217.9992,4758243.638
Soccer,Oakridge Secondary School Soccer Field #3,1040 Oxford St W,474260.8135,4758261.053
Soccer,Eagle Heights Public School School Soccer Field #3,284 Oxford St W,477673.3567,4759266.765
Soccer,Eagle Heights Public School School Soccer Field #2,284 Oxford St W,477620.6986,4759266.734
Soccer,Eagle Heights Public School School Soccer Field #1,284 Oxford St W,477605.8116,4759306.798
Soccer,Prince Charles Public School Soccer Field #2,1601 Wavell St,484756.513,4760021.351
Soccer,Prince Charles Public School Soccer Field #1,1601 Wavell St,484732.7077,4760076.651
Soccer,Princess Anne French Immersion Public School Soccer Field #1,191 Dawn Dr,485184.4117,4759848.107
Soccer,Regina Mundi Secondary School Soccer Field #1,5250 Wellington Rd S,483660.8278,4749314.161
Soccer,Regina Mundi Secondary School Soccer Field #2,5250 Wellington Rd S,483529.0453,4749315.869
Soccer,Sir George Ross Secondary School Soccer Field #1,365 Belfield St,480230.6441,4762749.322
Soccer,Sir Arthur Carty Separate School Soccer Field #1,1655 Ernest Ave,480400.1217,4753907.278
Soccer,Sir Isaac Brock Public School Soccer Field #1,80 St Lawrence Blvd,478701.8424,4754577.085
Soccer,St. Marguerite d'Youville Separate School Soccer Field #1,170 Hawthorne Rd,473786.5979,4761672.942
Soccer,St. Thomas Aquinas Secondary School Soccer Field #1,1360 Oxford St W,472704.8807,4757583.198
Soccer,Stoneybrook Public School Soccer Field #1,1460 Stoneybrook Cres,478591.2076,4763971.584
Soccer,Thames Secondary School Soccer Field #1,785 Trafalgar St,482229.3649,4758272.725
Soccer,University Heights Public School Soccer Field #1,27 Ford Cres,477393.0521,4760634.719
Soccer,Westdale Park Soccer Field #2 - Mini,1070 Quinton Rd,474436.367,4757838.768
Soccer,Westdale Park Soccer Field #1 - Mini,1070 Quinton Rd,474388.6058,4757843.264
Soccer,Westminster Secondary School Soccer Field #3,230 Base Line Rd W,477395.8233,4756496.99
Soccer,Westminster Secondary School Soccer Field #1,230 Base Line Rd W,477347.0263,4756417.969
Soccer,Saunders Secondary School Soccer Field #1,941 Viscount Rd,476272.7679,4754656.053
Soccer,G.A. Wheable Secondary School Soccer Field #2,70 Jacqueline St,482183.6221,4757485.22
Soccer,G.A. Wheable Secondary School Soccer Field #1,70 Jacqueline St,482128.3486,4757604.445
Soccer,Woodland Heights Public School Soccer Field #1,474 Springbank Dr,476559.9056,4756914.174
Soccer,Arthur Ford Public School Soccer Field #1,617 Viscount Rd,477975.1295,4755578.018
Soccer,Arthur Stringer Public School Soccer Field #1,43 Shaftesbury Ave,483077.6713,4755044.851
Soccer,Beal Secondary School Soccer Field #1,475 King St,480862.2581,4759252.017
Soccer,Bishop Townshend Public School Soccer Field #1,814 Quebec St,481817.3138,4761159.205
Soccer,Blessed Kateri Separate School Soccer Field #1,220 Sunnyside Dr,478544.6791,4763571.079
Soccer,Bonaventure Meadows Public School Soccer Field #1,141 Bonaventure Dr,487261.49,4761344.669
Soccer,Byron Northview Public School Soccer Field #1,1370 Commissioners Rd W,472427.4314,4756444.443
Soccer,Byron Southwood Public School Soccer Field #1,1379 Lola St,472874.5802,4755462.758
Soccer,C.C. Carrothers Public School Soccer Field #1,360 Chippendale Cres,482973.8314,4756722.182
Soccer,Catholic Central Secondary School Soccer Field #1,439 Queens Ave,480590.768,4759497.657
Soccer,Chippewa Public School Soccer Field #1,1035 Chippewa Dr,484025.6013,4763835.942
Soccer,Clara Brenton Public School Soccer Field #3,1025 St Croix Ave,474200.3086,4758663.193
Soccer,Clara Brenton Public School Soccer Field #1,1025 St Croix Ave,474211.8083,4758619.76
Soccer,Clarke Road Secondary School Soccer Field #1,300 Clarke Rd,486216.6453,4760871.254
Soccer,Ecole Marie-Curie Soccer Field #1,40 Hunt Club Dr,473349.6024,4758019.68
Soccer,Evelyn Harrison Public School Soccer Field #1,50 Tewksbury Cres,484188.1954,4763405.726
Soccer,F.D. Roosevelt Public School Soccer Field #1,560 Second St,484292.3392,4762011.167
Soccer,Fanshawe College Soccer Field #1,1460 Oxford St E,483418.4797,4762475.4
Soccer,Fanshawe College Soccer Field #3,1460 Oxford St E,483313.795,4762406.035
Soccer,Fanshawe College Soccer Field #4,1460 Oxford St E,483294.3324,4762409.226
Soccer,Fanshawe College Soccer Field #2,1460 Oxford St E,483330.6442,4762403.804
Soccer,Glen Cairn Public School Soccer Field #1,53 Frontenac Rd,483301.2043,4755984.341
Soccer,Hillcrest Public School Soccer Field #1,1231 Fuller St,481822.9147,4763176.439
Soccer,Holy Cross Separate School Soccer Field #1,18 Elm St,483068.4114,4758718.333
Soccer,Holy Rosary Separate School Soccer Field #1,268 Herkimer St,481196.7528,4757193.06
Soccer,John Dearness Public School Soccer Field #1,555 Sanatorium Rd,473170.9203,4757045.718
Soccer,John P. Robarts Public School Soccer Field #2,84 Bow St,487002.6965,4759597.341
Soccer,John P. Robarts Public School Soccer Field #1,84 Bow St,487055.6334,4759710.207
Soccer,John Paul II Secondary School Soccer Field #1,1300 Oxford St E,483175.7563,4761936.307
Soccer,Lord Elgin Public School Soccer Field #1,1100 Victoria Dr,481655.5795,4762456.081
Soccer,Lord Nelson Public School Soccer Field #1,1990 Royal Cres,486427.0633,4760828.23
Soccer,Lucas Secondary School Soccer Field #3,656 Tennent Ave,479725.9275,4764268.26
Soccer,Masonville Public School Soccer Field #1,25 Hillview Blvd,476755.3942,4763631.627
Soccer,Montcalm Secondary School Soccer Field #2,1350 Highbury Ave N,482580.7797,4763482.115
Soccer,Nicholas Wilson Public School Soccer Field #2,927 Osgoode Dr,482325.1827,4754042.274
Soccer,Nicholas Wilson Public School Soccer Field #3,927 Osgoode Dr,482318.3742,4754067.18
Soccer,Nicholas Wilson Public School Soccer Field #1,927 Osgoode Dr,482324.7569,4753990.512
Soccer,Oakridge Secondary School Soccer Field #4,1040 Oxford St W,474398.0128,4758118.553
Soccer,Princess Elizabeth Public School Soccer Field #1,247 Thompson Rd,481965.28,4757147.819
Soccer,Rick Hansen Public School Soccer Field #1,70 Ponderosa Cres,481098.0364,4753837.669
Soccer,Riverside Public School Soccer Field #1,550 Pinetree Dr,475154.054,4758069.194
Soccer,Robarts School for the Deaf Soccer Field #1,1090 Highbury Ave N,482940.7863,4762093.644
Soccer,Ryerson Public School Soccer Field #1,940 Waterloo St,479572.5529,4761313.635
Soccer,Sir Georges Etienne Cartier Public School Soccer Field #2,695 Chiddington Ave,480926.1073,4755739.871
Soccer,Sir Georges Etienne Cartier Public School Soccer Field #1,695 Chiddington Ave,480865.1359,4755775.344
Soccer,South Secondary School Soccer Field #1,371 Tecumseh Ave e,480234.778,4757319.264
Soccer,St. Anne Separate School Soccer Field #1,1366 Huron St,482700.8586,4763286.871
Soccer,St. Anthony Separate School Soccer Field #1,1380 Ernest Ave,480950.4175,4753209.096
Soccer,St. Bernadette Separate School Soccer Field #1,155 Tweedsmuir Ave,485022.7404,4758744.017
Soccer,St. Francis Separate School Soccer Field #1,690 Osgoode Dr,483038.5143,4754641.562
Soccer,St. Jude Separate School Soccer Field #1,690 Viscount Rd,478112.6714,4755097.084
Soccer,St. Mark Separate School Soccer Field #1,1440 Glenora Dr,480808.7056,4764777.383
Soccer,St. Mark Separate School Soccer Field #2,1440 Glenora Dr,480842.385,4764705.611
Soccer,St. Michael Separate School Soccer Field #1,926 Maitland St,480150.0433,4761247.016
Soccer,St. Paul Separate School Soccer Field #2,1090 Guildwood Blvd,473959.2276,4758359.06
Soccer,St. Paul Separate School Soccer Field #1,1090 Guildwood Blvd,473938.4908,4758413.081
Soccer,St. Pius X Separate School Soccer Field #1,255 Vancouver St,484910.5885,4760022.465
Soccer,St. Robert Separate School Soccer Field #1,1958 Duluth Cres,486381.7739,4760242.374
Soccer,St. Sebastian Separate School Soccer Field #1,225 Cairn St,483254.1938,4756860.218
Soccer,St. Thomas More Separate School Soccer Field #1,18 Wychwood Pk,476463.4182,4760762.37
Soccer,Tweedsmuir Public School Soccer Field #1,349 Tweedsmuir Ave,485381.8042,4758759.264
Soccer,University of Western Ontario Soccer Field #1,Huron Dr (pvt),477684.5367,4760832.054
Soccer,W.D. Sutton Public School Soccer Field #1,1250 Dundas St,483150.4798,4760608.942
Soccer,Westminster Central Public School Soccer Field #1,2835 Westminster Dr,483772.1512,4749807.985
Soccer,Westminster Secondary School Soccer Field #2,230 Base Line Rd W,477310.7262,4756505.376
Soccer,Westmount Public School Soccer Field #1,1011 Viscount Rd,476016.3494,4754642.814
Soccer,Springbank Park Soccer Field #4 - Mini,1085 Commissioners Rd W,473391.813,4756272.681
Soccer,Springbank Park Soccer Field #1 - Mini,1085 Commissioners Rd W,473025.9806,4756369.756
Soccer,Springbank Park Soccer Field #2 - Mini,1085 Commissioners Rd W,473017.8885,4756421.801
Soccer,Springbank Park Soccer Field #3 - Mini,1085 Commissioners Rd W,472937.0326,4756457.8
Soccer,West Lions Park Soccer Field #1,20 Grandville St,478213.7369,4759323.515
Soccer,Silverwoods Park Soccer Field #1,50 Sycamore St,483267.4909,4759066.761
Soccer,Carling Park Soccer Field #1 - Mini,675 Grosvenor St,480928.7441,4761311.481
Soccer,Carling Park Soccer Field #3 - Mini,675 Grosvenor St,480798.3323,4761310.887
Soccer,Carling Park Soccer Field #2 - Mini,675 Grosvenor St,480868.2215,4761286.574
Soccer,East Lions Park Soccer Field #1,1731 Churchill Ave,485092.1983,4760418.856
Soccer,Jorgenson Park Soccer Field #1 - Mini,1308 Norman Ave,472704.9554,4755913.018
Soccer,University Heights Park Soccer Field #1 - Mini,290 Trott Dr,477083.849,4760153.41
Soccer,Oak Park Soccer Field #1,1207 Royal York Rd,473368.2454,4758279.511
Soccer,St. Stephen's Park Soccer Field #1 - Mini,1030 Mitchel St,481846.8964,4753692.944
Soccer,Kensal Park Soccer Field #1 - Mini,150 Chelsea Ave,477053.9107,4757923.889
Soccer,Kensal Park Soccer Field #2 - Mini,150 Chelsea Ave,476915.9564,4757887.08
Soccer,Chelsea Green Park Soccer Field #1,1 Adelaide St S,481427.3055,4757966.675
Soccer,Greenway Park Soccer Field #5,50 Greenside Ave,477779.8435,4758200.226
Soccer,Greenway Park Soccer Field #1 - Mini,50 Greenside Ave,477858.0663,4758295.867
Soccer,Greenway Park Soccer Field #4 - Mini,50 Greenside Ave,476687.3189,4758076.93
Soccer,Greenway Park Soccer Field #3,50 Greenside Ave,476575.8116,4758045.358
Soccer,Greenway Park Soccer Field #2,50 Greenside Ave,477709.8556,4758282.646
Soccer,St. Lawrence Park Soccer Field #1 - Mini,5 St. Lawrence Blvd,478400.9624,4754798.022
Soccer,Westminster Optimist Park Soccer Field #1 - Mini,650 Osgoode Dr,483110.6158,4754474.14
Soccer,Westmount Lions Park Soccer Field #1,784 Viscount Rd,477170.1343,4755247.218
Soccer,Hastings Park Soccer Field #1 - Micro,1428 Hastings Dr,478506.1781,4763721.673
Soccer,Hastings Park Soccer Field #2 - Micro,1428 Hastings Dr,478466.917,4763701.014
Soccer,Mitches Park Soccer Field #1 - Mid,640 Upper Queens St,480631.0982,4755201.987
Soccer,Grand View Park Soccer Field #1 - Mini, 385 Grandview Ave,471858.8111,4756141.672
Soccer,Ted Early Sports Complex Soccer Field #3,1375 Clarke Rd,484256.0999,4764421.017
Soccer,Ted Early Sports Complex Soccer Field #2,1375 Clarke Rd,484338.5121,4764448.589
Soccer,Ted Early Sports Complex Soccer Field #1,1375 Clarke Rd,484420.5982,4764486.419
Soccer,Cleardale Park Soccer Field #2,817 Nixon Ave,480510.5788,4754648
Soccer,Constitution Park Soccer Field #1,725 Grenfell Dr,479886.7915,4765311.98
Soccer,Stoneybrook Recreation Field Soccer Field #1,815 Windermere Rd,479906.3239,4763317.394
Soccer,White Oaks Park Soccer Field #1,1119 Jalna Blvd,481113.5552,4753224.727
Soccer,White Oaks Park Soccer Field #3 - Mini,1394 Ernest Ave,480758.6784,4753299.591
Soccer,White Oaks Park Soccer Field #2 - Mini,1394 Ernest Ave,480804.6799,4753301.808
Soccer,Gainsborough Meadows Soccer Field #1,102 Brandy Lane Rd,474392.5725,4760671.753
Soccer,Ed Blake Park Soccer Field #1,449 Barker St,480983.5589,4762726.812
Soccer,White Oaks Optimist Park Soccer Field #1,560 Bradley Ave,481037.561,4753652.016
Soccer,Chesham Heights Park Soccer Field #1 - Mini,328 Castlegrove Blvd,476476.981,4760364.21
Soccer,Belmont Park Soccer Field #1,741 Lenore St,478645.7122,4754775.322
Soccer,Earl Nichols Park And Arena Soccer Field #1 - Mini,799 Homeview Rd,479431.1178,4754731.278
Soccer,North London Athletic Fields Soccer Field #2,1225 Adelaide St N,479578.0413,4762900.79
Soccer,North London Athletic Fields Soccer Field #4,1225 Adelaide St N,479342.5427,4762748.768
Soccer,North London Athletic Fields Soccer Field #3,1225 Adelaide St N,479444.9695,4762874.001
Soccer,North London Athletic Fields Soccer Field Stadium,1225 Adelaide St N,479452.3245,4762734.416
Soccer,North London Athletic Fields Soccer Field #1,1225 Adelaide St N,479616.5893,4762805.673
Soccer,Naiomi Almeida Park Soccer Field #1 - Mini,828 Deveron Cres,484200.6512,4757219.058
Soccer,Jesse Davidson Park Soccer Field #1,731 Viscount Rd,477414.1871,4754730.272
Soccer,Jesse Davidson Park Soccer Field #2,731 Viscount Rd,477274.5805,4754731.93
Soccer,Southwest Optimist Park Soccer Field #1,682 Southdale Rd W,475601.6071,4754081.571
Soccer,Whisperwood Park Soccer Field  #1 - Mini,211 Whisperwood Ave,473555.0342,4754998.885
Soccer,Cresthaven Park Soccer Field #1,104 Parks Edge Cres,474851.4908,4755005.297
Soccer,Cheswick Park Soccer Field #1 - Mini,88 Lacey Cres,480423.8225,4752933.42
Soccer,Windermere Fields Soccer Field #2,745 Windermere Rd,479697.4796,4763239.237
Soccer,Windermere Fields Soccer Field #3,745 Windermere Rd,479723.138,4763168.036
Soccer,Windermere Fields Soccer Field #1,745 Windermere Rd,479661.9772,4763322.109
Soccer,Jaycee Park Soccer Field #1 - Mini,1830 Aldersbrook Rd,473982.6539,4762338.846
Soccer,Ralph Hamlyn Park Soccer Field #1 - Mini,83 Dennis Ave,476620.596,4750623.496
Soccer,Nicholas Wilson Park Soccer Field #1 - Mini,16 Fitzroy Pl,482454.4953,4754101.464
Soccer,Heritage Park Soccer Field #1 - Mini,150 Bexhill Dr,483668.4662,4754432.241
Soccer,Springbank Flats Soccer Field #1,67 Springbank Dr,478190.4029,4758195.011
Soccer,St. Julien Park Soccer Field #1,15 Tommy Hunter Way,483917.0123,4758102.249
Soccer,Reservoir Park Soccer Field #1 - Mini,869 Commissioners Rd W,474705.3141,4755753.736
Soccer,Reservoir Park Soccer Field #2 - Mini,869 Commissioners Rd W,474745.5792,4755740.789
Soccer,Lambeth Centennial Park Soccer Field #5 - Mini,7112 Beattie St,474901.4718,4751009.696
Soccer,Lambeth Centennial Park Soccer Field #1,7112 Beattie St,474998.0328,4751022.721
Soccer,Virginia Park Soccer Field #1 - Mini,225 Chambers Ave,478196.9513,4764874.695
Soccer,City Wide Sports Park Soccer Field #1,1510 Commissioners Rd E,485370.2187,4756913.579
Soccer,City Wide Sports Park Soccer Field #2,1510 Commissioners Rd E,485462.1056,4756923.285
Soccer,North London Athletic Fields Soccer Field #5A - Mid,1225 Adelaide St N,479468.4367,4762615.476
Soccer,North London Athletic Fields Soccer Field #5B - Mid,1225 Adelaide St N,479472.152,4762556.478
Soccer,St. Julien Park Soccer Field #2 - Mini,15 Tommy Hunter Way,483909.8439,4758124.417
Soccer,St. Julien Park Soccer Field #3 - Mini,15 Tommy Hunter Way,483922.529,4758080.548
Soccer,St. Julien Park Soccer Field #4 - Mini,15 Tommy Hunter Way,483767.1364,4758046.721
Soccer,St. Julien Park Soccer Field #5 - Mini,15 Tommy Hunter Way,483777.7074,4758008.665
Soccer,University of Western Ontario Soccer Field #2,Huron Dr (pvt),477819.0775,4761312.715
Soccer,University of Western Ontario Soccer Field #3,Huron Dr (pvt),477864.6449,4761456.086
Soccer,Cantebury Park Soccer Field #1,99 Prince Of Wales Gate,472905.7202,4760090.354
Soccer,Plane Tree Park Soccer Field #1,214 Plane Tree Dr,476007.2529,4764090.074
Soccer,Plane Tree Park Soccer Field #2,214 Plane Tree Dr,476050.3945,4764122.053
Soccer,Northwest Optimist Park Soccer Field #1,48 Hawthorne Rd,474342.7234,4761985.352
Soccer,W. Sherwood Fox Public School Soccer Field #1,660 Steeplechase Dr,476858.445,4755345.131
Soccer,Stephens Farm Park Soccer Field #1 - Mini,887 South Wenige Dr,479352.5105,4766025.686
Soccer,Paul Haggis Park Soccer Field #1 - Mini,2875 Bateman Trail,479092.8701,4753433.014
Soccer,Riverbend Park Soccer Field #1,1585 Riverbend Rd,470382.4384,4757701.215
Soccer,Riverbend Park Soccer Field #2,1585 Riverbend Rd,470440.1176,4757634.54
Soccer,Settlement Trail,3470 Settlement Trail,475069.5369,4753493.831
Soccer,Lambeth Optimist Park Soccer Field #1,4200 Campbell St N,476114.6892,4751517.65
Soccer,Cleardale Park Soccer Field #1,817 Nixon Ave,480422.5012,4754642.427
Soccer,Hastings Park Soccer Field #3 - Micro,1428 Hastings Dr,478438.3419,4763689.584
Soccer,Hastings Park Soccer Field #3 - Micro,1428 Hastings Dr,478489.777,4763711.174
Soccer,Plane Tree Park Soccer Field #3,214 Plane Tree Dr,476131.754,4764169.281
Soccer,Virginia Park Soccer Field #2 - Mini,225 Chambers Ave,478247.7514,4764976.693
Soccer,North London Athletic Fields Soccer Field #6 - Mini,1225 Adelaide St N,479475.327,4762587.038
Soccer,The Green Soccer Field #1,165 Elmwood Ave E,479532.6715,4757503.941
Soccer,Hazelden Park Soccer Field #1,430 Hyde Park Rd,474198.7279,4757042.99
Soccer,Southwest Optimist Park Soccer Field #2,682 Southdale Rd W,475588.1156,4754159.933
Soccer,Lambeth Centennial Park Soccer Field #3 - Mini,7112 Beattie St,475039.4472,4750961.367
Soccer,Meadowgate Fields Soccer Field #1,3155 Meadowgate Blvd,485904.0156,4755728.621
Soccer,Meadowgate Fields Soccer Field #2,3155 Meadowgate Blvd,485919.3028,4755657.343
Soccer,Murray Park Soccer Field #1,75 Cliftonvale Ave,478176.3343,4757248.979
Soccer,Murray Park Soccer Field #2,75 Cliftonvale Ave,478133.6738,4757241.39
Soccer,Beaverbrook Woods Soccer Field #1,780 Mapleridge St,475195.2374,4759516.299
Soccer,Boyle Community Centre / Park Field #1,530 Charlotte St,482238.4565,4760486.266
Soccer,Boyle Community Centre / Park Field #2,530 Charlotte St,482243.931,4760470.911
Soccer,Boyle Community Centre / Park Field #3,530 Charlotte St,482251.7968,4760456.198
Soccer,Byron Hills Park Field #1,955 Byronmanor Rd,473909.9878,4753911.644
Soccer,Glen Cairn Park - East Field #1,170 Helena Ave,482618.8926,4756815.601
Soccer,Huron Heights Park Field #1,185 Mcnay St,481868.5601,4762169.966
Soccer,Whetherfield Park Field #1,1115 Whetherfield St,474735.9143,4759195.899
Soccer,Thames Park Field #1,15 Ridout St S,479329.8521,4758102.459
Soccer,Westminster Ponds-Dearness Open Space Field #1,710 Southdale Rd E,481801.6129,4754674.463
Soccer,North London Athletic Fields #7,1225 Adelaide St N,479672.8835,4762947.225
Soccer,Greenway Park Soccer Field #6,50 Greenside Ave,477686.2829,4758276.1
Soccer,Greenway Park Soccer Field #7,50 Greenside Ave,477739.5699,4758290.215
Soccer,Hazelden Park Soccer Field #2,430 Hyde Park Rd,474189.3883,4757068.597
Soccer,Hazelden Park Soccer Field #3,430 Hyde Park Rd,474206.158,4757021.555
Soccer,Jesse Davidson Park Soccer Field #3,731 Viscount Rd,477391.4637,4754727.344
Soccer,Jesse Davidson Park Soccer Field #4,731 Viscount Rd,477435.1335,4754737.325
Soccer,Meadowgate Fields Soccer Field #3,3155 Meadowgate Blvd,485881.4147,4755722.622
Soccer,Meadowgate Fields Soccer Field #4,3155 Meadowgate Blvd,485931.9007,4755737.393
Soccer,Meadowgate Fields Soccer Field #5,3155 Meadowgate Blvd,485952.7905,4755666.384
Soccer,North London Athletic Fields Soccer Field #8,1225 Adelaide St N,479442.5577,4762898.367
Soccer,North London Athletic Fields Soccer Field #9,1225 Adelaide St N,479446.5568,4762847.733
Soccer,North London Athletic Fields Soccer Field #10,1225 Adelaide St N,479340.9004,4762774.434
Soccer,North London Athletic Fields Soccer Field #11,1225 Adelaide St N,479343.3729,4762726.06
Soccer,Southwest Optimist Park Soccer Field #3,682 Southdale Rd W,475565.8242,4754157.058
Soccer,Southwest Optimist Park Soccer Field #4,682 Southdale Rd W,475614.2307,4754163.696
Soccer,The Green Soccer Field #2,165 Elmwood Ave E,479578.1026,4757521.921
Soccer,Lambeth Optimist Park Soccer Field #2,4200 Campbell St N,476102.1104,4751529.373
Soccer,Lambeth Optimist Park Soccer Field #3,4200 Campbell St N,476133.2773,4751501.298
Soccer,Murray Park Soccer Field #3,75 Cliftonvale Ave,478154.6698,4757246.516
Soccer,Vista Woods Park Soccer Field #1,1075 Melsetter Way,473997.6967,4763166.972
Wading Pool,Springbank Park Wading Pool,1085 Commissioners Rd W,473418.5924,4756355.469
Spray Pad,Gibbons Park - Spray Pad,2B Grosvenor St,478658.8296,4760707.474
Spray Pad,West Lions Park Spray Pad,20 Granville St,478439.7475,4759380.431
Wading Pool,Silverwoods Park Wading Pool,50 Sycamore St,483167.1393,4758994.333
Wading Pool,McMahen Park Wading Pool,640 Adelaide St N,480901.7504,4760484.586
Spray Pad,Kiwanis Park Spray Pad,612 Hale St,484044.9008,4760297.084
Spray Pad,Rowntree Park Spray Pad,750 Whetter Ave,481305.5353,4757072.315
Wading Pool,East Lions Park Wading Pool,1731 Churchill Ave,485132.1546,4760505.963
Wading Pool,Smith Park Wading Pool,194 Brampton Rd,480907.928,4761922.204
Wading Pool,Meredith Park Wading Pool,450 Nelson St,481035.9611,4758262.324
Wading Pool,Murray Park Wading Pool,75 Cliftonvale Ave,478240.6958,4757282.28
Wading Pool,Jorgenson Park Wading Pool,1308 Norman Ave,472683.9196,4756043.148
Wading Pool,University Heights Park Wading Pool,290 Trott Dr,477148.2731,4760144.843
Wading Pool,Northeast Recreation Centre Wading Pool,1050 Victoria Dr,481623.7499,4762309.759
Spray Pad,Jesse Davidson Park Spray Pad,731 Viscount Rd,477389.7368,4754771.287
Wading Pool,Northridge Pool  Wading Pool,15 Mclean Dr,480792.285,4764917.841
Spray Pad,Ivey Park Spray Pad,331 Thames St,479145.9912,4758803.571
Spray Pad,Lambeth Centennial Park Spray Pad,7112 Beattie St,475141.5142,4750768.357
Spray Pad,Bonaventure Meadows Park Spray Pad,141 Bonaventure Dr,487352.5308,4761367.467
Spray Pad,Southeast Optimist Park- Spray Pad,237 Deveron Cres,484104.8656,4755956.59
Spray Pad,Ed Blake Park - Spray Pad,449 Barker St,480932.5061,4762914.637
Spray Pad,Medway Park - Spray Pad,1051 Wonderland Rd N,475304.0375,4761126.308
Spray Pad,Oakridge Optimist Park - Spray Pad,825 Valetta St,474980.7295,4758128.607
Spray Pad,Meadowgate Park - Spray Pad,3155 Meadowgate Blvd,485963.5641,4755795.113
Spray Pad,Springbank Park - Spray Pad,1085 Commissioners Rd W,474336.5246,4756151.951
Spray Pad,South London Community Centre Spray Pad,1119 Jalna Blvd,481335.1513,4753213.185
Spray Pad,Constitution Park Spray Pad,725 Grenfell Dr,479813.1921,4765241.525
Tennis,Lucas Secondary School Tennis Court #2,656 Tennent Ave,479767.7416,4764501.46
Tennis,Banting Secondary School Tennis Court #2,125 Sherwood Forest Sq,475139.3182,4760994.32
Tennis,Central Secondary School Tennis Court #2,509 Waterloo St,479987.5916,4759630.367
Tennis,Clarke Road Secondary School Tennis Court #2,300 Clarke Rd,486053.7067,4760844.688
Tennis,Montcalm Secondary School Tennis Court #2,1350 Highbury Ave N,482458.4409,4763626.972
Tennis,Oakridge Secondary School Tennis Court #2,1040 Oxford St W,474354.8139,4758152.355
Tennis,Saunders Secondary School Tennis Court #3,941 Viscount Rd,476268.8867,4754730.512
Tennis,Laurier Secondary School Tennis Court #2,450 Millbank Dr,483149.0476,4754857.528
Tennis,Westminster Secondary School Tennis Court #2,230 Base Line Rd W,477269.2661,4756305.834
Tennis,Saunders Secondary School Tennis Court #1,941 Viscount Rd,476235.8853,4754725.499
Tennis,Saunders Secondary School Tennis Court #2,941 Viscount Rd,476252.6577,4754728.059
Tennis,Saunders Secondary School Tennis Court #4,941 Viscount Rd,476286.1072,4754733.961
Tennis,Westminster Secondary School Tennis Court #1,230 Base Line Rd W,477254.7045,4756304.147
Tennis,Westminster Secondary School Tennis Court #3,230 Base Line Rd W,477283.5269,4756307.741
Tennis,Westminster Secondary School Tennis Court #4,230 Base Line Rd W,477298.3299,4756309.364
Tennis,Oakridge Secondary School Tennis Court #3,1040 Oxford St W,474342.2863,4758148.165
Tennis,Oakridge Secondary School Tennis Court #1,1040 Oxford St W,474367.473,4758157.159
Tennis,Banting Secondary School Tennis Court #3,125 Sherwood Forest Sq,475133.6334,4761007.375
Tennis,Banting Secondary School Tennis Court #1,125 Sherwood Forest Sq,475143.6735,4760980.878
Tennis,Lucas Secondary School Tennis Court #1,656 Tennent Ave,479753.3086,4764495.668
Tennis,Lucas Secondary School Tennis Court #3,656 Tennent Ave,479781.0682,4764507.23
Tennis,Lucas Secondary School Tennis Court #4,656 Tennent Ave,479793.2911,4764512.603
Tennis,Montcalm Secondary School Tennis Court #1,1350 Highbury Ave N,482446.0089,4763622.139
Tennis,Montcalm Secondary School Tennis Court #3,1350 Highbury Ave N,482470.8445,4763631.992
Tennis,Central Secondary School Tennis Court #1,509 Waterloo St,479975.1143,4759625.661
Tennis,Central Secondary School Tennis Court #3,509 Waterloo St,479999.895,4759634.979
Tennis,Clarke Road Secondary School Tennis Court #1,300 Clarke Rd,486039.6474,4760839.68
Tennis,Clarke Road Secondary School Tennis Court #3,300 Clarke Rd,486067.7572,4760850.234
Tennis,Laurier Secondary School Tennis Court #1,450 Millbank Dr,483135.8822,4754858.64
Tennis,Laurier Secondary School Tennis Court #3,450 Millbank Dr,483162.0923,4754856.9
Tennis,Academie de la Tamise Tennis Court #1,1260 Dundas St,483215.2644,4760525.108
Tennis,Huron College Tennis Court #1,1349 Western Rd,477158.0886,4761727.914
Tennis,Kings College Tennis Court #3,1040 Waterloo St,479453.6745,4762207.231
Tennis,Kings College Tennis Court #4,1040 Waterloo St,479478.2483,4762184.89
Tennis,Kings College Tennis Court #2,1040 Waterloo St,479429.1163,4762230.689
Tennis,Kings College Tennis Court #1,1040 Waterloo St,479426.104,4762224.644
Tennis,University of Western Ontario Tennis Court #7,Lambton Dr (pvt),477991.054,4761518.259
Tennis,University of Western Ontario Tennis Court #8,Lambton Dr (pvt),478005.1166,4761517.785
Tennis,University of Western Ontario Tennis Court #9,Lambton Dr (pvt),478018.741,4761517.409
Tennis,University of Western Ontario Tennis Court #4,Lambton Dr (pvt),478002.5323,4761554.501
Tennis,University of Western Ontario Tennis Court #5,Lambton Dr (pvt),478014.3425,4761553.145
Tennis,University of Western Ontario Tennis Court #6,Lambton Dr (pvt),478027.0082,4761552.116
Tennis,University of Western Ontario Tennis Court #1,Lambton Dr (pvt),478012.5742,4761590.997
Tennis,University of Western Ontario Tennis Court #3,Lambton Dr (pvt),478038.4977,4761588.677
Tennis,University of Western Ontario Tennis Court #2,Lambton Dr (pvt),478024.7625,4761589.295
Tennis,W.D. Sutton Public School Tennis Court #2,1250 Dundas St,483201.7303,4760521.582
Tennis,W.D. Sutton Public School Tennis Court #1,1250 Dundas St,483189.1847,4760516.766
Tennis,Gibbons Park Tennis Court #2,2A Grosvenor St,478733.3007,4760932.702
Tennis,Gibbons Park Tennis Court #3,2A Grosvenor St,478719.0841,4760927.9
Tennis,Gibbons Park Tennis Court #1,2A Grosvenor St,478747.0229,4760935.28
Tennis,Carling Park Tennis Court #3,675 Grosvenor St,480778.9147,4761353.226
Tennis,Carling Park Tennis Court #2,675 Grosvenor St,480766.0444,4761348.501
Tennis,Carling Park Tennis Court #1,675 Grosvenor St,480751.929,4761343.083
Tennis,Kiwanis Park - North Tennis Court #2,612 Hale St,484024.7306,4760389.768
Tennis,Kiwanis Park - North Tennis Court #1,612 Hale St,484010.6101,4760385.555
Tennis,Rowntree Park Tennis Court #1, 750 Whetter Ave,481429.3895,4757075.925
Tennis,East Lions Park Tennis Court #2,1731 Churchill Ave,485221.9084,4760551.897
Tennis,East Lions Park Tennis Court #1,1731 Churchill Ave,485209.1144,4760547.011
Tennis,East Lions Park Tennis Court #3,1731 Churchill Ave,485234.6813,4760556.825
Tennis,Oakridge Optimist Community Park Tennis Court #2,825 Valetta St,474927.5823,4758158.799
Tennis,Oakridge Optimist Community Park Tennis Court #1,825 Valetta St,474938.683,4758168.1
Tennis,Meredith Park Tennis Court #1,450 Nelson St,480960.3284,4758217.634
Tennis,Doidge Park Tennis Court #1,300 Cromwell St,479417.645,4761003.507
Tennis,Murray Park Tennis Court #1,75 Cliftonvale Ave,478226.4448,4757257.496
Tennis,Mornington Park Tennis Court #1,800 High Holborn St,482426.7094,4761196.196
Tennis,Mornington Park Tennis Court #2,800 High Holborn St,482440.1053,4761200.962
Tennis,Jorgenson Park Tennis Court #1,1308 Norman Ave,472680.8879,4755967.07
Tennis,Jorgenson Park Tennis Court #2,1308 Norman Ave,472695.2984,4755969.968
Tennis,Fairmont Park Tennis Court #2,117 Tweedsmuir Ave,484886.8671,4758792.095
Tennis,Fairmont Park Tennis Court #3,117 Tweedsmuir Ave,484873.6579,4758794.793
Tennis,Fairmont Park Tennis Court #1,117 Tweedsmuir Ave,484900.4858,4758790.928
Tennis,A. L. Furanna Park Tennis Court #1,100 Wychwood Pk,476134.2561,4761223.817
Tennis,A. L. Furanna Park Tennis Court #2,100 Wychwood Pk,476147.5558,4761228.807
Tennis,Arthur Ford Park Tennis Court #2,671 Viscount Rd,478022.3136,4755386.373
Tennis,Arthur Ford Park Tennis Court #1,671 Viscount Rd,478010.5037,4755395.338
Tennis,St. Anthony's Park Tennis Court #1,65 Hartson Rd,474190.8612,4756650.727
Tennis,Westminster Optimist Park Tennis Court #1,650 Osgoode Dr,483131.3608,4754425.61
Tennis,Hastings Park Tennis Court #2,1428 Hastings Dr,478558.225,4763738.39
Tennis,Hastings Park Tennis Court #1,1428 Hastings Dr,478544.636,4763735.969
Tennis,Hastings Park Tennis Court #3,1428 Hastings Dr,478572.3913,4763741.686
Tennis,Mitches Park Tennis Court #2,640 Upper Queen St,480716.8107,4755208.616
Tennis,Mitches Park Tennis Court #1,640 Upper Queen St,480703.1452,4755207.613
Tennis,Mitches Park Tennis Court #3,640 Upper Queen St,480730.7381,4755209.81
Tennis,White Oaks Park Tennis Court #1,1394 Ernest Ave,480851.8594,4753302.878
Tennis,White Oaks Park Tennis Court #2,1394 Ernest Ave,480865.7681,4753307.496
Tennis,Flanders Park Tennis Court #1,145 Rhine Ave,482704.465,4761856.909
Tennis,Piccadilly Park Tennis Court #2,695 Waterloo St,479795.9668,4760221.829
Tennis,Piccadilly Park Tennis Court #1,695 Waterloo St,479810.6328,4760227.01
Tennis,North London Optimist Community Centre Tennis Court #2,1345 Cheapside St,482883.3387,4762433.737
Tennis,North London Optimist Community Centre Tennis Court #1,1345 Cheapside St,482868.5427,4762427.642
Tennis,North London Optimist Community Centre Tennis Court #3,1345 Cheapside St,482895.6365,4762439.268
Tennis,North London Optimist Community Centre Tennis Court #6,1345 Cheapside St,482878.8092,4762394.512
Tennis,North London Optimist Community Centre Tennis Court #5,1345 Cheapside St,482894.3588,4762401.093
Tennis,North London Optimist Community Centre Tennis Court #4,1345 Cheapside St,482907.8127,4762405.952
Tennis,Glanworth Park Tennis Court #1,6536 Bradish Rd,484137.555,4745895.031
Tennis,Ambleside Park Tennis Court #1,257 Ambleside Dr,476117.4487,4762848.599
Tennis,Ambleside Park Tennis Court #2,257 Ambleside Dr,476131.486,4762847.023
Tennis,Carroll Park Tennis Court #1,270 Ellerslie Rd,485409.6041,4756305.274
Tennis,Carroll Park Tennis Court #2,270 Ellerslie Rd,485423.761,4756307.562
Tennis,Thames Park Tennis Court #3,15 Ridout St S,479457.7559,4758231.154
Tennis,Thames Park Tennis Court #1,15 Ridout St S,479418.3485,4758238.382
Tennis,Thames Park Tennis Court #2,15 Ridout St S,479432.9052,4758236.834
Tennis,Thames Park Tennis Court #4,15 Ridout St S,479471.735,4758224.59
Tennis,St. Julien Park Tennis Court #2,15 Tommy Hunter Way,483636.9715,4757978.311
Tennis,St. Julien Park Tennis Court #1,15 Tommy Hunter Way,483651.0681,4757983.524
Tennis,Foxfield District Park Tennis Court #1,2384 Buroak Dr,473512.9671,4763893.822
Tennis,Foxfield District Park Tennis Court #2,2384 Buroak Dr,473527.4146,4763899.306
Tennis,Boyle Park Tennis Court #1,1010 Princess Ave,482220.756,4760562.986
Volleyball,North London Athletic Fields Volleyball Court #1,1225 Adelaide St N,479661.3732,4762714.135
Volleyball,North London Athletic Fields Volleyball Court #2,1225 Adelaide St N,479674.1208,4762719.338
Volleyball,North London Athletic Fields Volleyball Court #3,1225 Adelaide St N,479686.8684,4762724.541
Volleyball,North London Athletic Fields Volleyball Court #4,1225 Adelaide St N,479698.4863,4762728.207